id,organisateur,cash_prize,pays
1,Katlin Gierardi,9778,China
2,Abbe Paur,2513,Poland
3,Tina Totaro,3148,Mongolia
4,Corrie Pickervance,29769,Sweden
5,Daryl Jemison,8270,Brazil
6,Karel Windibank,9888,Pakistan
7,Cyrillus Petrushanko,5355,France
8,Morten Beetles,28631,Slovenia
9,Clea Tarbox,20287,Brazil
10,Ileana Ruane,11304,Argentina
11,Amaleta Sexten,21675,Tunisia
12,Burch Harfleet,8693,China
13,Alexina Viccary,7923,Indonesia
14,Camella Childes,18359,Argentina
15,Skyler Lody,28234,Lebanon
16,Benoite Spain,1768,Philippines
17,Marge Hayles,11980,China
18,Emmy Mcasparan,19326,Philippines
19,Umeko MacGregor,7915,Sweden
20,Alleyn Ziem,15068,China
21,Weston Bruyntjes,20348,Japan
22,Asa Seebright,19638,Germany
23,Noellyn Bratchell,28555,Russia
24,Betty Fleisch,18733,Serbia
25,Linoel Mullinder,13641,Russia
26,Selia Helleckas,6020,Vietnam
27,Percy Montacute,21102,Philippines
28,Veda Batchley,14055,Spain
29,Jolynn Whitley,22763,Portugal
30,Beau Etock,2450,China
31,Joelie Kluge,23566,China
32,Edith Vertigan,6580,Brazil
33,Marin Alliston,7324,Greece
34,Astrid Punyer,21094,Ecuador
35,Niles Wilshin,7822,Nigeria
36,Orelee McGrah,13076,Philippines
37,Maddalena Bifield,19676,Kyrgyzstan
38,Salli Mountlow,14520,Indonesia
39,Malynda Caseri,6663,China
40,Bentley Hanby,18523,Indonesia
41,Amy Penhalewick,20951,Poland
42,Muire Kerss,29864,Portugal
43,Gwenora Keane,6423,Indonesia
44,Melonie Ebden,14469,Jamaica
45,Cross Brook,11700,Russia
46,Cesaro Fawloe,3619,Malaysia
47,Cly Bettinson,5833,Kuwait
48,Dunn Breit,3528,Serbia
49,Kriste Andrault,3276,Philippines
50,Murray Emanuelov,12561,Indonesia
51,Warren Callam,11777,Afghanistan
52,Zebadiah MacCartan,29363,Sweden
53,Catlaina Bleibaum,10235,Jordan
54,Giles Domoney,10498,Greece
55,Ferris Watling,17475,Brazil
56,Korney Tures,15685,Sweden
57,Israel Tarplee,2730,China
58,Albina Rugiero,4578,Myanmar
59,Olive Dixcey,22651,Indonesia
60,Vivian Towriss,2767,China
61,Georas Boots,16664,China
62,Lusa Waldron,27314,Russia
63,Benjamin Eldershaw,13590,Indonesia
64,Eada Harwin,5550,Lebanon
65,Raychel Frangleton,29263,Portugal
66,Dianne Wallwood,2375,Luxembourg
67,Mamie Cano,1411,Portugal
68,Suki Corrie,3590,United States
69,Bonnibelle Bestwall,886,Brazil
70,Sibylle Bewshaw,8115,Tanzania
71,Ase Renals,28464,Portugal
72,Gal Pilipyak,25940,Armenia
73,Bethena Ivanyushin,19588,China
74,Mallory Levermore,13013,China
75,Verne Fullagar,2025,China
76,Bethany Massei,18304,Indonesia
77,Sosanna Lamas,25766,Philippines
78,Banky Stanislaw,20893,Mexico
79,Hana Athey,15209,Trinidad and Tobago
80,Roanne Basham,16165,Germany
81,Aprilette Bisatt,15400,Poland
82,Estevan Rendle,28153,Russia
83,Brew Baudassi,23477,Sweden
84,Rourke Ring,20264,Indonesia
85,Eula Howles,21133,Indonesia
86,Robinia Blandamore,29061,Russia
87,Rafe Mazzey,7895,Indonesia
88,Keven Clewer,24045,Philippines
89,Thea Ranscombe,29240,Canada
90,Alis Showell,29713,France
91,Kort Ferrulli,18942,China
92,Perla MacCague,358,Canada
93,Giles Mawford,1585,Azerbaijan
94,Dev Maliffe,5819,Indonesia
95,Rochelle Bartolomeo,1978,Thailand
96,Noell Silkston,18054,China
97,Pearce Perham,759,Indonesia
98,Lynett Scamp,3561,Japan
99,Nat Ludy,22795,Portugal
100,Giulietta Perkis,1033,Venezuela
101,Domenico Sunley,4936,North Korea
102,Trevor Diss,8445,Japan
103,Kiri McAlester,11551,North Korea
104,Katerina Riddiford,15880,Japan
105,Sigrid Gorman,11068,Norway
106,Lisa Persian,21272,Philippines
107,Sophi Grenshiels,14046,Nepal
108,Ezri Haggleton,21326,Portugal
109,Cammy Cockitt,4087,Mexico
110,Marni Laxtonne,7699,Russia
111,Shandee Sulman,18574,Japan
112,Tobe Craven,9425,Argentina
113,Merrielle Dundridge,11118,China
114,Serge Stenner,22324,Kazakhstan
115,Ninette Ledgister,27138,Portugal
116,Northrup Cullivan,24023,China
117,Fidel Spatoni,18103,Philippines
118,Earle Tschirschky,7383,Mexico
119,Sallie Gauson,29760,Sweden
120,Cory Danes,27252,China
121,Barret Brickner,5479,Indonesia
122,Westleigh Bendon,26353,Russia
123,Jan Olyfant,13861,Ethiopia
124,Karoly Doring,6287,Russia
125,Juliette Alderton,2740,Kosovo
126,Rosella Carbry,29378,China
127,Melissa Viant,20879,France
128,Melodee Lutwidge,2071,Brazil
129,Nadean Worboy,2945,China
130,Jodie Vanyatin,19240,Poland
131,Belita Pennock,28985,Indonesia
132,Doralynn Ballister,5507,Serbia
133,Sharl Zotto,17455,New Zealand
134,Christopher Yearron,19537,Brazil
135,Honey Caulcott,19398,Albania
136,Crystal Sutheran,21096,Yemen
137,Cal Hindge,24609,China
138,Conway Brickdale,2051,France
139,Randie Weitzel,17825,Poland
140,Marlin Simoneau,20503,Thailand
141,Lucretia Burkett,12590,Iran
142,Orelle Tremmil,13893,Indonesia
143,Curt Luckin,7784,Sweden
144,Elfreda Noyes,10095,Poland
145,Germain Wilber,22891,Belarus
146,Corry Holdin,8705,China
147,Ailbert Hawkett,20745,Poland
148,Ringo Wear,722,France
149,Cece Schafer,25131,China
150,Yolane Bergeon,27501,Indonesia
151,Judy Keeri,12657,Russia
152,Fidelio O'Hartnett,7794,Sweden
153,Masha Preble,16044,Mexico
154,Berty Kann,10258,Czech Republic
155,Mable Lowdham,744,Portugal
156,Codi Milch,18789,Russia
157,Adler Saunt,5474,China
158,Bess Thatcher,27577,Nigeria
159,Belvia Dohms,29407,Russia
160,Christal Gormally,27756,United States
161,Mattheus Hanhard,29578,Indonesia
162,Nils Phethean,600,Thailand
163,Kingsly Hengoed,1853,Brazil
164,Donna Leonarde,6235,Indonesia
165,Siward Lacroutz,17852,Indonesia
166,Nickolas Rodder,1456,China
167,Letitia Madrell,11886,China
168,Calley Loughney,20959,Thailand
169,Wilburt Corzon,1580,China
170,Gustavus Eakins,13419,China
171,Farlie Soal,10317,China
172,Bartel Guillerman,26649,Greece
173,Mitzi Setch,26122,Ukraine
174,Kathryn Voller,23840,Sri Lanka
175,Freeman Bentinck,21623,Indonesia
176,Barrie Fairbrace,4770,Poland
177,Orbadiah Bowton,15266,Philippines
178,Rona Balasini,6172,Indonesia
179,Terza Eke,20732,Costa Rica
180,Aaren Branston,4524,United States
181,Angelika Donati,29282,Ivory Coast
182,Cori Bortolussi,22611,Canada
183,Elke Vakhonin,18723,United States
184,Gregoire Esmond,14460,China
185,Franky Keal,20932,China
186,Minnie Walkowski,29239,Russia
187,Brandon Januszewski,25269,Pakistan
188,Tonie Trythall,23179,China
189,Lombard Story,15504,China
190,Quinta Davenell,16547,Russia
191,Lin Casoni,19184,Ukraine
192,Phebe Wilkennson,3272,Greece
193,Cornell Troyes,11501,Brazil
194,Sissy Murley,19785,Papua New Guinea
195,Trixy Snalum,19021,Colombia
196,Thaxter Rings,13525,Argentina
197,Willey Danilchenko,8238,Mauritius
198,Anastasie Brister,19784,Greece
199,Fredra Rainsdon,17433,Thailand
200,Harriott McBryde,26190,Colombia
201,Jessica Grosier,11130,China
202,Aksel Roblou,27353,Myanmar
203,Giorgio Whitear,6407,Brazil
204,Brock Haslehurst,10175,Russia
205,Tawsha Morde,14280,France
206,Gill Pache,1790,Palestinian Territory
207,Howard Highton,16986,Venezuela
208,Gunar Bromige,1953,Russia
209,Chester Blaxter,14653,Russia
210,Earle Inskipp,12049,China
211,Vivia Marsh,4871,China
212,Guglielma Easterfield,3183,Syria
213,Dougy Maxsted,11941,Brazil
214,Christel Fray,8390,Nigeria
215,Johnna Jachimak,3993,Ireland
216,Marc Westall,20742,Poland
217,Doy Cadigan,18713,Indonesia
218,Carlee Threadgold,115,Croatia
219,Dyana Phinnessy,23041,France
220,Gordie Sherburn,12607,Russia
221,Freeland Penhaligon,18476,France
222,Alvira Bygreaves,22303,China
223,Laurie Jedrzejczak,18026,Brazil
224,Selig Alf,9504,Japan
225,Edita Peakman,26750,Nigeria
226,Rem Straker,21669,China
227,Ibbie Pember,24677,China
228,Kenon Bruhnicke,590,China
229,Edwin Filby,2425,Philippines
230,Ailene Gourlay,9398,South Korea
231,Doti Roseborough,1539,China
232,Flem Kenset,2045,China
233,Silvia Pletts,27642,Indonesia
234,Chauncey Harmson,18327,Russia
235,Jobyna Mainstone,9027,France
236,Andros Blasiak,5352,France
237,Valenka Girard,26062,Portugal
238,Kerby Chasmor,4347,China
239,Thebault Jaycock,24267,Russia
240,Towney Joanic,27601,Cuba
241,Pedro Hadny,20491,Botswana
242,Quinn Wyleman,17583,China
243,Powell Foulds,7262,Honduras
244,Guido Myford,22829,Philippines
245,Dani Everton,27296,China
246,Jemie Kunath,25002,China
247,Dorette Judkin,3432,El Salvador
248,Jobey Hayes,7407,Malaysia
249,Craggy Gleaves,7611,China
250,Ailee Melsom,12012,Netherlands
251,Mariska Brownsmith,1693,Philippines
252,Micky MacGorrie,18025,South Africa
253,Ingrid Corkhill,20166,Estonia
254,Jermain Friedlos,2701,Indonesia
255,Letti Solly,7909,Ukraine
256,Rowland Paling,6043,Portugal
257,Paulie Morffew,6489,China
258,Thorndike Yaneev,15569,Argentina
259,Edy Meininking,29783,Japan
260,Alexandros Brabban,18377,Guatemala
261,Corissa Kegg,12837,Indonesia
262,Billy Love,11871,Philippines
263,Tarrance Campo,24073,China
264,Debbi Humberstone,15593,Greece
265,Elysee Eustis,409,China
266,Allis Heugel,22203,Turkmenistan
267,Sari Steanson,27330,Vietnam
268,Enrica Glasscoe,11957,Russia
269,Lauren Adair,19610,China
270,Leonore De Zuani,3340,Venezuela
271,Davon Baxstare,4021,Russia
272,Vere Adshede,26990,Portugal
273,Bev Meatyard,27207,Brazil
274,Drucill Gribbins,5296,Brazil
275,Burtie Gerholz,4304,Ireland
276,Janos Relf,23478,China
277,Burlie Millichap,12711,Gambia
278,Sarita Harp,28510,China
279,Ingaberg MacCoughan,20421,China
280,Sheppard Havelin,11197,Brazil
281,Jessika Lexa,5616,China
282,Orelle Catherall,22864,China
283,Marylynne McCaghan,24419,Indonesia
284,Zea Bartleman,11779,Serbia
285,Cami Leile,29999,Thailand
286,Granny Beecroft,29464,Indonesia
287,Lucita Coaker,22320,Brazil
288,Jaye Sivewright,13873,China
289,Aland Guirardin,29882,Russia
290,Carolee Dicty,15908,Pakistan
291,Yoko Santry,592,Democratic Republic of the Congo
292,Gal Lummus,3614,Pakistan
293,Rosemonde McGeffen,15956,North Korea
294,Monica Sherebrook,19376,Philippines
295,Kizzee Clappson,19621,Sweden
296,Cornelle Jennens,16485,Thailand
297,Michale Radnedge,24912,Malawi
298,Lacee Firmage,12167,Palestinian Territory
299,Anna-diane Laffan,17009,Ukraine
300,Annabella Adamsky,8792,Argentina
301,Genny Klemps,11093,Palestinian Territory
302,Pepito Weippert,29688,China
303,Barnebas Camoletto,21502,Sweden
304,Maddalena MacMillan,26066,Philippines
305,Daffy Brockway,27836,Portugal
306,Helen Romeo,23927,Ecuador
307,Suzie Shee,24459,China
308,Aleece Cottom,19316,Armenia
309,Sofie McIlhone,15201,Poland
310,Martelle Gailor,9496,Ukraine
311,Hadria Perfect,8869,South Korea
312,Kennedy Dunnaway,13495,China
313,Gaven Heales,4450,Mauritius
314,Lek McCoy,17346,Syria
315,Corri Guiso,15452,Russia
316,Fanni Gross,1733,China
317,Dalli Wabb,10922,Japan
318,Derrek Fridlington,8420,China
319,Bradley Howsego,11778,China
320,Johna Doucette,17491,Colombia
321,Titus Newdick,12544,Russia
322,Geno Champion,6790,Pakistan
323,Bride Gobert,24072,Czech Republic
324,Wandis Blinde,11220,Peru
325,Damita Mowlam,4169,China
326,Willie Exell,8299,China
327,Emogene Itscowics,28554,United States
328,Bentlee Baldam,3124,Kenya
329,Lesya Matfield,24695,Uruguay
330,Mathilde Harget,3892,Philippines
331,Angelina Honnan,23165,Ireland
332,Milka Reder,6850,China
333,Jordanna Heild,8008,Brazil
334,Hasty Huntingford,17613,Argentina
335,Beatrice Dillintone,5804,Nigeria
336,Harrietta Ratie,2740,Indonesia
337,Tierney Brandacci,19092,French Southern Territories
338,Sylvan Gritsaev,6781,Bosnia and Herzegovina
339,Adriane Mitham,19524,Portugal
340,Janis Smoughton,19357,China
341,Goraud Diwell,17800,Peru
342,Hendrik Penhall,16263,China
343,Clive Osburn,13448,China
344,Tandie Scotchmor,4250,Philippines
345,Jessy Pashan,28546,Poland
346,Clerissa Solomonides,23065,Spain
347,Ally Worviell,14519,Portugal
348,Paton Batey,6847,Russia
349,Adriana Bullier,21098,China
350,Henrietta Sutherden,8541,Spain
351,Jammal Coyne,22171,Indonesia
352,Shaw Gerriessen,11793,Pakistan
353,Shelagh Player,26012,Japan
354,Davon Walthall,267,Poland
355,Aurelea Folliss,9255,Indonesia
356,Honor Gobourn,12054,Indonesia
357,Gayel Sasser,9630,China
358,Saw Brader,28673,France
359,Eldredge Hylands,10382,Nigeria
360,Sander Harnett,22885,Philippines
361,Emmi Woolham,1850,China
362,Alana Batterbee,5035,Greece
363,Bern Aspy,12214,Guatemala
364,Luciana Anfosso,18946,Philippines
365,Daisie Coddington,21367,Czech Republic
366,Mellie MacKerley,4404,China
367,Wadsworth MacGebenay,23617,Indonesia
368,Melanie Jacklin,13946,China
369,Zechariah Moss,14567,Brazil
370,Merwin Wetherald,10145,Portugal
371,Marlena Kitchiner,15823,South Africa
372,August Chislett,29620,Indonesia
373,Florence McEnery,8630,China
374,Gardener Rush,17788,Costa Rica
375,Bliss Tollemache,26671,Mexico
376,Donny Pakes,10832,China
377,Billye Dullard,28402,Russia
378,Eliza Carruth,10245,Germany
379,Kaile Galpen,18086,Mozambique
380,Francis Greenstock,28776,Venezuela
381,Madelin Rutherfoord,5951,China
382,Robb Gledhall,3974,Jamaica
383,Mellisa Albon,7734,Indonesia
384,Karita Spohr,17710,Colombia
385,Kass Simonnot,23720,China
386,Elliot Quinet,14612,Kazakhstan
387,Jo-ann Palmar,678,China
388,Davie Sendley,25618,China
389,Walther O' Cuolahan,23254,China
390,Eleanora Krikorian,25357,Colombia
391,Frankie Vella,17137,Japan
392,Gwenore Cunney,20118,France
393,Boote McMechan,23608,Greece
394,Averell Djurisic,10917,China
395,Chaddy Gilfether,29558,Sweden
396,Barny Kobu,18516,Japan
397,Claudelle Borton,27045,Ukraine
398,Rance Haddow,6723,Venezuela
399,Nikolaos Downie,7634,China
400,Athene Torrijos,19309,Samoa
401,Jasmina Cleal,18612,Portugal
402,Nilson Gueinn,8851,Czech Republic
403,Caitrin Gaddesby,21939,Cameroon
404,Fionna Dauncey,23652,Ireland
405,Twyla Ovington,10430,Russia
406,Gardener Schollar,19920,Indonesia
407,Kerk Dearness,12087,Nigeria
408,Ario Fookes,15594,Sweden
409,Mercie MacGrath,1005,China
410,Forester Wordsley,26501,China
411,Gustavo Randles,15927,China
412,Dredi Geill,24132,Bhutan
413,Roy Le Provest,21440,Peru
414,Denna Asif,27638,Brazil
415,Eddy Matyasik,27085,Russia
416,Alexis Meiningen,21158,Indonesia
417,Kimberley Barlace,24320,China
418,Linell Judson,9412,United States
419,Abie Alexandre,3260,China
420,Daren Gostage,25419,China
421,Latrena Corgenvin,8343,Indonesia
422,Ezra Helleckas,20467,Russia
423,Olivia D'Alessandro,17712,Philippines
424,Jannelle Troth,27628,Indonesia
425,Katha Brouard,11937,Sweden
426,Charley Whitnall,12469,Philippines
427,Cordey Merck,5906,China
428,Loralee Polglase,9307,Brazil
429,Brande Claasen,2018,Nigeria
430,Raquel Pharoah,19882,Indonesia
431,Ki Maben,2618,China
432,Harley Wolfart,7149,China
433,Nolan Sparks,25672,Argentina
434,Tiena Colles,24018,Indonesia
435,Hanna Warby,18383,Tanzania
436,Elnore MacRory,14166,Russia
437,Jacklyn McCarty,3336,China
438,Pail Spaducci,3847,Honduras
439,Adolphe Nunnery,8586,China
440,Irita Adaway,28363,Czech Republic
441,Sheelah Eastcourt,2475,South Africa
442,Rebe Cheney,3009,Afghanistan
443,Abbi Goldes,25355,Madagascar
444,Alfy Rickerd,9206,Liberia
445,Normand Dickey,21844,Mexico
446,Mead Tonnesen,23032,North Korea
447,Gradeigh MacIlhagga,2173,North Korea
448,Jackqueline Izat,9611,China
449,Mellicent Wilbore,11881,Armenia
450,Berky Machan,19366,Japan
451,Aggy Danet,25278,Malaysia
452,Iolande Titcumb,15363,Italy
453,Tabbatha Gadaud,10896,Thailand
454,Mathilde Megson,11125,Indonesia
455,Vachel Crebbin,26895,Spain
456,Gabe Jaffra,23351,United States
457,Cristine Veal,6628,Sri Lanka
458,Barbabra McPhate,26165,Malta
459,Abbie Aspital,5021,Nigeria
460,Chicky Grinval,12189,Russia
461,Tiebold Nary,2028,Japan
462,Vick Mitskevich,10286,Czech Republic
463,Demetris Trazzi,12188,Vietnam
464,Albert Soots,22781,Russia
465,Grannie Speir,19300,United States
466,Delphine Slatford,18594,Philippines
467,Colly Itzkovwich,15988,China
468,Raff Paolinelli,13672,Portugal
469,Launce Dellenbach,3137,Sweden
470,Thom Moseley,6759,Albania
471,Goldi Rosenblad,651,China
472,Etheline Scarsbrooke,23764,China
473,Bud Habbergham,11391,Thailand
474,Stephanus Merner,6220,Philippines
475,Sharon Alliberton,21759,Indonesia
476,Lucretia Dilley,8789,Indonesia
477,Carole Butteris,4254,Malaysia
478,Christie Keward,28226,Ukraine
479,Peg Burstowe,14211,Indonesia
480,Catherine Pero,14261,Russia
481,Brendon Goudy,26382,Serbia
482,Biron Crofts,25427,Russia
483,Lowrance Eastham,14495,South Korea
484,Mason Sparshett,1311,Indonesia
485,Ariel Kelston,1016,Indonesia
486,Malcolm Irvine,12604,France
487,Gerrie Battersby,23447,Philippines
488,Val Wevell,6677,Indonesia
489,Hillery Tummons,4814,Myanmar
490,Barbi Bittleson,7274,Indonesia
491,Andrea Stilling,21553,France
492,Field Day,5540,Libya
493,Anita Abramchik,1198,Indonesia
494,Laure Nottle,3025,China
495,Jase Partridge,7989,Russia
496,Sherlocke Wabe,19320,Lithuania
497,Horacio Dransfield,3805,Latvia
498,Marten Tenney,12200,Philippines
499,Noah Coltan,4047,China
500,Amii Birtonshaw,21735,Cameroon
501,Lelia Kimblen,24755,Indonesia
502,Ester Bohlje,8443,China
503,Willi Kernoghan,23462,Poland
504,Aliza Northrop,2920,Luxembourg
505,Robby Shreeves,16252,Peru
506,Muffin Tame,6109,Antigua and Barbuda
507,Ardella O'Haire,24639,Czech Republic
508,Zebulen Haizelden,7316,Slovenia
509,Kinsley Kindred,25955,Burkina Faso
510,Spence Bertholin,9101,Brazil
511,Desi Skase,11753,Czech Republic
512,Lyndy Serridge,29312,France
513,Mariel Scheu,13458,Solomon Islands
514,Lindy Sturte,24382,Russia
515,Jamie MacGow,29811,China
516,Lock Levesque,6071,France
517,York Livesley,24615,China
518,Karlyn Klimecki,27402,China
519,Johannes Prout,5412,China
520,Hans Espinas,7192,Greece
521,Grete Keyson,11063,United States
522,Adler Antognozzii,13197,New Caledonia
523,Teodoor Clere,20835,Russia
524,Zelig Flintoft,28417,Nepal
525,Enrichetta Mealand,3256,China
526,Tiffie Cullon,28218,Palestinian Territory
527,Nady Knowles,8606,Czech Republic
528,Nichol Eberts,27869,Burundi
529,Bernardina Need,10172,Philippines
530,Evan Farren,27463,China
531,Hermy Grimolbie,15215,Brazil
532,Arin Bosman,164,China
533,Maurene Lorans,5587,Sweden
534,Jethro Mongain,11320,Indonesia
535,Bonny Skaife,4334,China
536,Eugen Zimmer,6953,Ireland
537,Margo Stummeyer,27898,Indonesia
538,Grenville Pardal,13633,Portugal
539,Ganny Elvidge,18643,Panama
540,Ryley Sullly,29310,China
541,Darren Pinnington,19786,China
542,Andras Wye,20028,Brazil
543,Joyous Postins,20672,Bulgaria
544,Joan Lambregts,8009,Brazil
545,Marika Maultby,27284,China
546,Evelin Hopkins,1340,Papua New Guinea
547,Charla Beurich,20382,Indonesia
548,Lowrance Benois,11359,Sri Lanka
549,Myrta MacGahy,18493,Portugal
550,Misti Gravell,4703,Cuba
551,Rivalee Sannes,5983,France
552,Eden Gounot,9795,United States
553,Hanny Durdy,8070,China
554,Dilly Scahill,13400,Cuba
555,Danita Grigorini,27258,France
556,Ivar Shotter,3715,United States
557,Erroll Handrock,6386,Brazil
558,Elden Barrim,212,Philippines
559,Kristoforo Francke,16738,El Salvador
560,Cordey Queste,6374,Norway
561,Edward Dorricott,26606,Greece
562,Antony Burchess,23147,Azerbaijan
563,Connor O'Shevlin,24026,Sweden
564,Blisse Ambler,26822,Greece
565,Derk Boulding,26673,Indonesia
566,Theobald Tomasik,1033,Indonesia
567,Cori Adamoli,8514,France
568,Gerta Caldera,19616,Japan
569,Marcela Kelson,20337,Kazakhstan
570,Marion Beare,26141,Kazakhstan
571,Pollyanna Keenor,29204,China
572,Berti Enrdigo,26802,China
573,Peterus Mohan,18849,Peru
574,Cece Soaper,18023,Philippines
575,Huberto McBeith,3039,United States
576,Roi Fane,20592,Philippines
577,Camala Tassel,16698,China
578,Martina Hairs,25099,Peru
579,Arny Crier,20295,Japan
580,Grenville Lyes,24132,Poland
581,Elie Harower,5877,Kazakhstan
582,Marisa Kinchington,4231,China
583,Rickie Kline,29111,Canada
584,Diego Dillimore,500,China
585,Adelle Yacob,25805,Indonesia
586,Cesya Houston,25403,Malaysia
587,Orazio Vallens,6549,Thailand
588,Ichabod Nisuis,686,Finland
589,Amitie Randle,9212,Philippines
590,Thorvald Endle,4191,Israel
591,Burk Braidwood,21288,Indonesia
592,Welbie Nottingham,29247,Indonesia
593,Rena Descroix,5399,Dominican Republic
594,Laurel Dibling,24739,Armenia
595,Christoforo Waldron,20451,Philippines
596,Anne-corinne Corbould,907,China
597,Archaimbaud Di Biasi,15513,Mexico
598,Ardelis Laity,3795,Philippines
599,Umeko Gonin,725,Norway
600,Jabez Rubery,6006,Costa Rica
601,Hurlee Gillcrist,6884,Mexico
602,Cash Bettington,1586,Sweden
603,Francis Jealous,20606,China
604,Blakelee Trayte,18626,Vietnam
605,Mada de Cullip,10373,France
606,Hobey Berntsson,6859,Guadeloupe
607,Harland Maxted,27489,Greece
608,Casar Mantripp,15502,France
609,Moises Lissandre,15266,Mexico
610,Sharron Loutheane,18650,Indonesia
611,Maisie Aneley,21059,Canada
612,Brietta Gherarducci,3234,Cuba
613,Ginger Gerrit,28735,China
614,Brandon Dilliway,11631,Poland
615,Miquela Blodg,1383,Japan
616,Ricard Shilliday,28023,China
617,Morgen Febre,16243,Honduras
618,Hurlee Quinevan,24245,China
619,Juliana Kelberman,22840,Portugal
620,Elmore Van der Brug,23237,Russia
621,Terrie Summerill,23716,Poland
622,Pet O'Kenny,7093,Canada
623,Shelby Jiranek,13206,Indonesia
624,Letitia Heims,11020,Ireland
625,Eve Dalziel,8252,Russia
626,Patrizia Ledrane,14205,Italy
627,Luci Capron,13861,El Salvador
628,Lincoln Tidmarsh,27834,Indonesia
629,Pippy Selwyn,29396,Russia
630,Dex Erskine,27851,Russia
631,Gratiana Gallemore,18394,Czech Republic
632,Rowney Vell,3785,China
633,Upton Garwood,27903,Croatia
634,Arabele Blew,9420,Portugal
635,Emlyn Greader,17236,China
636,Rozalie Lemonby,1289,Czech Republic
637,Doreen Shallcroff,20603,China
638,Gil Trevna,9888,South Africa
639,Lammond Brompton,13011,Russia
640,Linc Halesworth,12931,Portugal
641,Joey Chadburn,17384,France
642,Gearard Legrice,16222,Brazil
643,Marcus Lackeye,26785,Philippines
644,Nicholle Greenwood,12200,Indonesia
645,Kiley Errey,21632,Sudan
646,Burton Lattka,11427,Philippines
647,Donny Ebbitt,29746,Chile
648,Diego Haselden,14459,Indonesia
649,Ced Simco,595,Malaysia
650,Aimil Largent,13218,China
651,Charley Jiranek,10953,Uruguay
652,Carlin Wilshere,7937,United States
653,Myrtice Simonett,1152,United States
654,Demetris Rosenblath,17788,Nigeria
655,Clint Thunders,7727,Poland
656,Josh Simony,17458,Japan
657,Luce Wardingley,24186,South Korea
658,Rudolfo Thunnerclef,26048,Mexico
659,Cinda Ackermann,5195,France
660,Philippine Perrington,26132,Brazil
661,Linc Airds,13040,China
662,Rochella Laytham,2687,China
663,Drusi Hodgin,22198,China
664,Dov Devall,27955,Russia
665,Mirilla Babbs,19879,Norway
666,Jobi Ludwig,9481,Tanzania
667,Conney Millier,25898,Uruguay
668,Thaddeus Napton,17042,Peru
669,Simonne Derle,1317,Croatia
670,Phil Lemerle,23549,China
671,Libby Smee,21892,Indonesia
672,Jeni Brazier,8149,Angola
673,Dar Swainson,3804,Ukraine
674,Redd Brehat,18155,Norway
675,Katuscha Elcome,15314,Saint Kitts and Nevis
676,Kylila Libreros,20443,France
677,Isabelita Westall,24134,Mexico
678,Elmore Kincla,29580,Japan
679,Moe Spaunton,7886,Portugal
680,Victoir Dumberell,16570,New Zealand
681,Milty Dorkins,10300,Serbia
682,Page Joskowitz,3479,China
683,Zachery McDade,12353,Portugal
684,Jabez Fredi,21953,Bangladesh
685,Archibaldo Coatsworth,7547,Russia
686,Bancroft Trever,7731,Portugal
687,Shannen Sambidge,18221,China
688,Kimbra Udale,25638,Thailand
689,Beverly Deesly,18987,Ethiopia
690,Neron Tiffney,13465,Indonesia
691,Karlan Pottle,17649,China
692,Mari Medling,24176,Armenia
693,Percival Bilsborrow,24351,China
694,Alaric Beecham,787,France
695,Woodie Whyman,10160,China
696,Amalle Pedracci,14168,Philippines
697,Allan Morad,24730,Philippines
698,Egon MacBean,7864,Indonesia
699,Lisbeth Tartt,8268,China
700,Melamie Dafforne,2321,China
701,Jasen Keefe,10337,Brazil
702,Finn Panther,1482,China
703,Marven Hammell,2863,Indonesia
704,Malynda Dillingston,28468,Greece
705,Conn Brunone,805,Czech Republic
706,Minnnie Van Giffen,7099,United States
707,Freida Lintall,13482,Guatemala
708,Courtnay Miner,22876,China
709,Oby Dodman,29817,Indonesia
710,Erie Paddison,13464,Japan
711,Napoleon Fanner,13778,South Africa
712,Murry Jiran,1263,Egypt
713,Renato Autin,15694,France
714,Ula Renbold,6316,China
715,Galina Glasper,10282,Yemen
716,Shadow Steenson,25660,Bosnia and Herzegovina
717,Micah Lownsbrough,10630,Poland
718,Sallyann Linke,9209,Morocco
719,Shamus Filochov,11316,China
720,Melany Strangward,4953,Philippines
721,Connie Dickenson,12270,Netherlands
722,Robers Girodon,20038,Poland
723,Marjie Hawkes,26164,Nepal
724,Hoyt Mayho,1619,China
725,Kali Bittlestone,6264,Dominica
726,Ephrayim Ashbolt,4625,China
727,Ange Smithies,12772,Indonesia
728,Arlin Ruppel,10811,France
729,Alard Crilley,15513,Indonesia
730,Bordy Stotherfield,20094,Nicaragua
731,Marthena Martynov,27527,Canada
732,Belinda Skells,7130,Paraguay
733,Jewell Boullen,28045,China
734,Tobiah Mirfin,22899,Kuwait
735,Trumaine Wayvill,1002,Russia
736,Marget Kirkam,23827,France
737,Lorin Mowling,10995,United States
738,Cos De Santos,15711,Armenia
739,Bowie Gilyatt,5210,Zimbabwe
740,Lilla Lewsie,4619,Poland
741,Cory Ibbett,18562,Portugal
742,Newton Mandell,22135,China
743,Fayre Bonallack,10151,Venezuela
744,Leroi Mallows,19491,Indonesia
745,Otis Drynan,21450,Egypt
746,Ab Hibling,20021,Russia
747,Jermayne Waiting,5398,China
748,Derek Pragnell,12019,Czech Republic
749,Alanna Plant,26171,Philippines
750,Pacorro Scutcheon,2439,Netherlands
751,Estel Lorkin,21701,Poland
752,Susanne Guillford,21390,Mexico
753,Sigvard Alster,9890,Philippines
754,Gilbert Borman,1947,Poland
755,Mallorie Beviss,23205,Uganda
756,Florri Paramor,406,Russia
757,Raimundo Schruurs,9059,Netherlands
758,Cassy Raffles,19140,Indonesia
759,Almeda Shaddick,4361,Macedonia
760,Kare McLean,6594,Ecuador
761,Travis Billington,16313,Thailand
762,Rodolfo Brantl,22433,Moldova
763,Ada Tilston,18425,Sweden
764,Rania Hentzer,29951,China
765,Mendy Olyonov,26719,Poland
766,Itch Ducket,23980,Brazil
767,Sloane Jakolevitch,1262,Ireland
768,Kirk Lyddon,18328,Tunisia
769,Tillie Mordaunt,6269,Sweden
770,Marcella Battrick,26129,South Africa
771,Jason Charlewood,17587,Latvia
772,Konstanze Ace,22659,China
773,Davey McAdam,24082,Philippines
774,Daffy Simoni,16587,China
775,Elsworth Gremane,5163,Argentina
776,Corrianne McClounan,9594,China
777,Yule Crum,24092,China
778,Marylinda Cranney,11227,Vietnam
779,Mill Filewood,22439,China
780,Diahann Seater,4052,Germany
781,Trista Hopkynson,22780,Brazil
782,Shermy Condit,21673,Democratic Republic of the Congo
783,Ugo Whelpdale,26728,China
784,Gwenette Wood,27329,Uganda
785,Emelina Brookesbie,25452,Canada
786,Shandy Zupo,298,Cyprus
787,Orren Van Castele,213,Slovenia
788,Robbin Cammidge,29299,France
789,Renault Moreinis,9310,United States
790,Laurie Davidov,25599,Poland
791,Basilius Haggie,19489,Ecuador
792,Margalo Gallico,25341,United States
793,Melesa Schoroder,23938,Tunisia
794,Gabbie Cellier,1404,Poland
795,Jerrold Steptowe,28474,Philippines
796,Tani Gorch,6268,Indonesia
797,Aggy Averill,29300,Ukraine
798,Alejandrina Smithson,16232,Russia
799,Aloysius Renzullo,9880,Saudi Arabia
800,Val Reyburn,13165,Canada
801,Boonie Records,11555,Russia
802,Pooh Van Velden,8369,China
803,Hasheem Eastwood,14734,Sweden
804,Carlie Pim,20937,Finland
805,Constantine Danilyak,26143,Philippines
806,Dot Yitzovitz,28333,Indonesia
807,Esmeralda Bracher,25026,China
808,Irvine Anfrey,23576,China
809,Tommi Gligorijevic,10248,Philippines
810,Aurlie Joule,21625,Indonesia
811,Angy Son,25445,United States
812,Rebeca Siggs,20205,China
813,Ludovico Diboll,29851,Indonesia
814,Esta Cardo,6302,France
815,Hildy Wenn,15369,Philippines
816,Belva Spragge,21485,China
817,Thornton Oleshunin,4152,Indonesia
818,Giacinta Millson,4781,China
819,Gaby Mahony,25135,Peru
820,Rodi Hatrey,25003,France
821,Thorstein Landells,28329,China
822,Gilly Lockie,24890,France
823,George Finch,25257,Panama
824,Tildie Teece,1578,China
825,Mercy Pepi,17425,Ukraine
826,Vinnie Bankes,17921,Belarus
827,Kerrill Andrys,26010,Bulgaria
828,Barnett Blei,25369,Russia
829,Niel Branthwaite,3739,Indonesia
830,Prudy Kewish,18730,Russia
831,Susanna Pull,27028,Philippines
832,Meredith Dyke,1486,Philippines
833,Woodrow Ellerker,28123,Guatemala
834,Jenifer Copping,17807,Philippines
835,Rafferty Erdis,13078,China
836,Rocky Deme,26802,Indonesia
837,Anallese Kearey,24724,Indonesia
838,Olwen Cortin,15366,Russia
839,Lucilia Abbes,26219,China
840,Ted Kyte,10923,France
841,Welby Daunter,17822,Philippines
842,Rosita Lambswood,22973,China
843,Aundrea McKilroe,14251,Argentina
844,Bree Mesant,19501,Belarus
845,Elsy Calbreath,24244,Russia
846,Artur Collingdon,6221,Brazil
847,Fina Hegdonne,28361,France
848,Lincoln Munkton,2946,Indonesia
849,Allyce Rosson,20763,Russia
850,Duke Kohn,5971,Indonesia
851,Trumann Dunne,20067,Tanzania
852,Elbert Nelson,16056,Kazakhstan
853,Daisi Eddicott,25744,Indonesia
854,Matias Najera,27713,China
855,Giulia Lindsey,174,Philippines
856,Noelle Filson,10082,China
857,Ermina Ewers,29458,China
858,Evan Gumm,11863,Peru
859,Conrado Ahrenius,17552,Philippines
860,Sterling Gomm,14962,Philippines
861,Joellen Diemer,23748,China
862,Link Plank,25480,Finland
863,Charita Creaven,28182,Uganda
864,Ettie Henlon,18372,Russia
865,Abbey Bello,27976,Indonesia
866,Petronilla Resun,12795,Portugal
867,Jameson Saynor,9141,Palestinian Territory
868,Calida Desouza,1626,Indonesia
869,Karolina Weild,24923,Indonesia
870,Mohandis Garfit,3207,France
871,Kasey Titterrell,26314,Indonesia
872,Kaiser Margrett,24064,China
873,Panchito Kopisch,26284,Norway
874,Hastings Portam,5719,Brazil
875,Gib Rambadt,16855,China
876,Vince Cullnean,650,France
877,Winna Cottisford,17014,China
878,Brandea Steutly,22479,China
879,Clayborn Markham,365,Bahamas
880,Lorenzo Weston,20707,Peru
881,Mitzi Straneo,21084,China
882,Emerson McTrustram,16403,Chile
883,Lynea Hadland,6707,Spain
884,Dehlia Blowin,22062,China
885,Dexter Lineker,28958,Tanzania
886,Herman Perrelli,29783,Finland
887,Joyce Austen,6490,China
888,Keriann Dymoke,3698,Philippines
889,Starlin Gligori,3794,Azerbaijan
890,Karly Bellie,26869,South Africa
891,Viki Longbone,7827,China
892,Cyndi Sweynson,23697,China
893,Gaultiero Risbie,5600,China
894,Nathanael Cristofolo,14027,Poland
895,Xenia Conaboy,24911,Colombia
896,Adham Collymore,288,Sweden
897,Babbie Pitcock,3002,Czech Republic
898,Leo Scoffham,25231,China
899,Laura Brea,13094,Mali
900,Frans Gethyn,24237,Poland
901,Marnie Vigietti,1414,Malaysia
902,Letisha McClaren,18631,Finland
903,Gustaf Geaney,26078,Russia
904,Adorne Hallan,14604,Sweden
905,Zacharia Vanne,21771,Canada
906,May Songer,3158,Nigeria
907,Lenci Wellum,9272,China
908,Kimberly Rawlyns,26650,Portugal
909,Claudine Pietesch,27664,China
910,Nevins Hairsine,26593,Tajikistan
911,Monah Dacey,24740,Poland
912,Quillan Andriessen,28413,Philippines
913,Herbert McGriffin,29441,Indonesia
914,Terrance Roe,7357,Japan
915,Franny Pallis,17933,Peru
916,Waylon Gatiss,12318,Russia
917,Tobin Rickertsen,26821,United States
918,Olympie Bertolin,19658,United States
919,Vanessa Flahy,17441,China
920,Nydia Farrant,2786,Thailand
921,Kial Moseley,16017,China
922,Adey Elvidge,23848,Indonesia
923,Axe Dupoy,25203,China
924,Court Stocky,724,China
925,Thoma Lett,13297,Indonesia
926,Jamison Gitthouse,28404,China
927,Chet Bantham,9806,China
928,Gayelord Raiston,16034,China
929,Bernetta Sowley,29881,Indonesia
930,Nolan Cabrara,10681,France
931,Doris Searight,6378,Indonesia
932,Malvina Mouth,20472,Syria
933,Kelly M'Chirrie,24331,China
934,Christos Doncaster,24629,China
935,Cacilia Yewdale,2843,Indonesia
936,Faulkner Beeres,7718,Canada
937,Cassy Pinnion,25277,Poland
938,Bernarr Soigne,23026,Sweden
939,Morty Iacovelli,5807,Chile
940,Rasla Hammant,9784,Yemen
941,Fred Deniskevich,13769,Luxembourg
942,Kyle Cann,13808,Russia
943,Berrie Hedaux,27006,United States
944,Brinn Skellen,5422,Sweden
945,Shalom Masterman,26157,China
946,Gwynne De Bell,28398,China
947,Ladonna Risbridge,28739,Poland
948,Panchito Stoner,12017,Mexico
949,Ronalda Hache,6992,Russia
950,Inessa Siseland,644,Sweden
951,Aeriell Reichartz,19615,Argentina
952,Dorita Grabban,26949,China
953,Helene Varne,11824,Japan
954,Kaile Sacaze,1878,China
955,Lucie Ragot,14595,China
956,Adiana Jansky,15590,Russia
957,Julina McNirlin,18309,Czech Republic
958,Mackenzie Clayfield,29029,China
959,Arda De Winton,17507,China
960,Dorie Smout,28355,Russia
961,Krishna Roach,1709,Ukraine
962,Maggee Bilston,29468,Syria
963,Willetta Conaghan,12626,China
964,Garfield Jowers,25270,Portugal
965,Freddie Fanner,4030,Tunisia
966,Dorie Mulhall,4104,Afghanistan
967,Brenden Hannan,5121,China
968,Mommy Wartnaby,16436,Philippines
969,Iseabal Saull,7791,Syria
970,Hieronymus McInnery,8255,Cuba
971,Brittni Filyashin,3784,Estonia
972,Guthrey Haynesford,2982,Indonesia
973,Louisette Benardeau,27609,China
974,Shepherd Shenfish,3755,China
975,Johnath Cheesman,14183,China
976,Helsa Thomlinson,736,South Africa
977,Meghan Ferrarone,16991,Kazakhstan
978,Carolynn Garriock,14455,Czech Republic
979,Katey Ranyard,5064,Indonesia
980,Melina Kwietak,20110,Honduras
981,Nikkie Bolmann,18523,Indonesia
982,Jude Masurel,13301,Portugal
983,Sofia Van den Oord,8161,Peru
984,Megen Garraway,22344,Indonesia
985,Alix Swarbrick,24190,Mexico
986,Staford Rumming,10931,Argentina
987,Amalea Milmo,16141,China
988,Isaak Cummins,28086,Libya
989,Johna Turgoose,18920,China
990,Darren Eyton,8743,China
991,Fancie Tuppeny,17001,Croatia
992,Toni Cello,16172,China
993,Shelden Blackborow,5704,Sweden
994,Collin Sawyer,24455,France
995,Jobie Strutt,8469,China
996,Camile Alvares,6486,Greece
997,Stu Bosnell,8573,Nigeria
998,Mildred Stanlick,27045,Russia
999,Hermia Paterson,28265,China
1000,Sorcha Simunek,10032,Pakistan
