idPromotion,Nom,Reduction,DateDebut,DateFin
2,Cocuyo,49,27/03/2016,05/04/2016
3,Spurred Gentian,26,17/01/2019,28/01/2019
4,Columbian Bryoerythrophyllum Moss,5,28/12/2019,07/01/2020
5,Western Sweetvetch,38,30/11/2010,07/12/2010
6,Puerto Rico Helmet Orchid,19,11/02/2015,19/02/2015
7,Protothelenella Lichen,36,27/03/2015,08/04/2015
8,Densetuft Hairsedge,2,31/03/2019,13/04/2019
9,Thorn Wattle,22,09/05/2015,23/05/2015
10,Beard Lichen,11,12/06/2020,20/06/2020
11,Rasp-leaf Pelargonium,41,02/08/2014,09/08/2014
12,Broomwort,46,25/06/2019,06/07/2019
13,Chalice Lichen,22,07/02/2010,15/02/2010
14,Dwarf Stickpea,6,07/02/2014,19/02/2014
15,Longbeak Streptanthella,6,22/08/2013,01/09/2013
16,Black Disc Lichen,5,08/05/2012,22/05/2012
17,Vezdaea Lichen,23,26/12/2015,05/01/2016
18,Rhytidium Moss,23,03/04/2015,16/04/2015
19,Mountain Pepperweed,4,30/07/2015,08/08/2015
20,Spike Lichen,21,17/07/2013,25/07/2013
21,San Francisco Spineflower,20,03/10/2015,13/10/2015
22,Whipplea,24,13/05/2019,26/05/2019
23,White-and-yellow-flower Cornlily,16,31/07/2014,13/08/2014
24,Sentry Milkvetch,41,07/08/2018,19/08/2018
25,Sonoran Dodder,30,25/11/2020,09/12/2020
26,Alpine Shootingstar,1,02/09/2018,11/09/2018
27,Lavender Woollystar,20,26/05/2017,06/06/2017
28,California Mountainpincushion,46,03/04/2012,14/04/2012
29,Yellowwood,6,24/02/2011,06/03/2011
30,California Bog Asphodel,6,13/06/2016,26/06/2016
31,Hybrid Locust,14,10/03/2012,22/03/2012
32,Eldorado Larkspur,17,06/10/2014,16/10/2014
33,Bristleleaf Sedge,8,01/08/2017,14/08/2017
34,Parchment Bristle Fern,33,26/12/2010,02/01/2011
35,Thurber's Buckwheat,31,12/05/2011,19/05/2011
36,Orange Lichen,47,14/11/2010,27/11/2010
37,Cneoridium,7,14/09/2012,26/09/2012
38,Spiked Hoarypea,1,21/03/2020,30/03/2020
39,Turban Prickly Pear,22,13/11/2011,23/11/2011
40,Velvet Tree,46,22/07/2014,04/08/2014
41,Starry Rosinweed,24,29/02/2012,11/03/2012
42,False Hellebore,37,06/02/2013,18/02/2013
43,Adobe Navarretia,4,31/03/2013,07/04/2013
44,Pacific Yerba Santa,35,07/05/2012,20/05/2012
45,Sweet Scented Geranium,13,22/05/2010,05/06/2010
46,Talayote,20,07/01/2015,20/01/2015
47,Snow Arnica,4,22/09/2018,04/10/2018
48,Tree Aenium,37,01/07/2012,11/07/2012
49,Japanese Ulota Moss,45,24/09/2010,05/10/2010
50,Hartweg's Alumroot,34,08/03/2019,20/03/2019
51,Torrey's Jointfir,32,30/07/2012,10/08/2012
52,Scotch False Asphodel,15,30/08/2019,07/09/2019
53,Cuban Prescott Orchid,10,08/04/2020,21/04/2020
54,Tropical Fimbry,47,04/04/2018,15/04/2018
55,Livid Sedge,39,11/02/2012,25/02/2012
56,Serpent Woodfern,44,08/01/2014,20/01/2014
57,Fanleaf Crinklemat,42,17/06/2011,28/06/2011
58,Prairie Bluebells,7,29/06/2016,06/07/2016
59,Parasol Whitetop,33,16/06/2014,30/06/2014
60,Scaly Blazing Star,8,17/01/2017,30/01/2017
61,Little Spurflower,7,06/06/2012,17/06/2012
62,Tailed Maidenhair,2,10/01/2012,18/01/2012
63,Cactus Apple,3,17/01/2016,27/01/2016
64,Bristlecup Sandmat,14,22/07/2011,05/08/2011
65,Carolina Leaf-flower,37,18/06/2019,30/06/2019
66,Longstalk Clover,29,23/09/2013,05/10/2013
67,Longspine Fishhook Cactus,26,04/06/2018,16/06/2018
68,Yam,2,18/02/2014,26/02/2014
69,Maclura,6,03/03/2011,17/03/2011
70,Hygrohypmum Moss,32,28/07/2018,06/08/2018
71,Hybrid Locust,32,08/07/2016,18/07/2016
72,Anil Racimillo,14,02/09/2010,12/09/2010
73,Espino,46,25/12/2017,07/01/2018
74,Thompson's Peteria,39,26/10/2017,05/11/2017
75,Creeping St. Johnswort,10,20/08/2018,31/08/2018
76,Diehl's Milkvetch,34,14/10/2019,28/10/2019
77,Closed Gentian,5,08/03/2010,16/03/2010
78,Juniper Tumblemustard,31,19/05/2018,28/05/2018
79,White False Hellebore,8,05/03/2014,16/03/2014
80,Hornemann's Willowherb,14,10/11/2016,17/11/2016
81,Creeping Alkaligrass,9,12/01/2018,21/01/2018
82,Okra,15,11/02/2016,18/02/2016
83,Cleveland's Beardtongue,19,18/07/2012,29/07/2012
84,Elsinore Buckwheat,36,13/03/2013,23/03/2013
85,Good King Henry,21,05/04/2020,12/04/2020
86,Textile Bamboo,30,12/06/2012,23/06/2012
87,English Oak,12,20/01/2019,02/02/2019
88,Hickman's Checkerbloom,46,14/10/2020,27/10/2020
89,Inyo Meadow Lupine,48,18/12/2016,31/12/2016
90,Zigzag Larkspur,35,12/01/2014,24/01/2014
91,White Snakeroot,8,15/06/2018,23/06/2018
92,Slender Snakecotton,22,26/01/2019,08/02/2019
93,Canterbury Bells,2,05/12/2014,15/12/2014
94,Primrose Monkeyflower,34,20/09/2015,04/10/2015
95,Largeleaf Leather-root,45,22/11/2017,03/12/2017
96,Nimblewill,17,05/05/2010,14/05/2010
97,Slender Arrowhead,7,02/06/2012,16/06/2012
98,Mata De Peo,1,07/10/2015,14/10/2015
99,Dryopetalon,38,01/06/2014,09/06/2014
100,Blackbrush Wattle,45,02/08/2019,14/08/2019
101,Texan Hogplum,26,16/04/2010,30/04/2010
102,Pot Marigold,15,09/05/2013,22/05/2013
103,White Meadowsweet,40,19/11/2012,27/11/2012
104,Maryland Meadowbeauty,43,01/02/2020,10/02/2020
105,Carolina Desert-thorn,16,19/04/2018,03/05/2018
106,Nuttall Oak,19,05/04/2016,14/04/2016
107,Pencilflower,4,04/04/2010,13/04/2010
108,Portuguese Daisy,18,11/05/2011,22/05/2011
109,San Diego Mesamint,50,24/08/2015,03/09/2015
110,Graceful False Flax,27,27/11/2018,08/12/2018
111,Beard Lichen,4,10/08/2017,19/08/2017
112,Disc Lichen,20,29/01/2017,08/02/2017
113,Carolina Campylopus Moss,38,11/10/2013,24/10/2013
114,Sphagnum,24,05/09/2020,15/09/2020
115,Aleutian Avens,35,17/01/2020,30/01/2020
116,Needle And Thread,38,12/06/2015,23/06/2015
117,Kunth's Hacksaw Fern,31,21/03/2018,04/04/2018
118,Longleaf Cowpea,5,05/07/2013,17/07/2013
119,White Four O'clock,1,07/02/2019,19/02/2019
120,Parodia,27,26/04/2017,07/05/2017
121,Woodland Buttercup,16,03/12/2015,13/12/2015
122,Santa Monica Mountains Dudleya,20,28/02/2014,12/03/2014
123,Halfchaff Sedge,17,18/01/2019,27/01/2019
124,Leche De Perra,50,07/01/2018,21/01/2018
125,Palespike Lobelia,45,22/08/2012,05/09/2012
126,Hog Plum,33,04/02/2013,16/02/2013
127,Prickly Currant,20,18/10/2016,30/10/2016
128,Beautiful Aster,33,22/09/2018,02/10/2018
129,Brachythecium Moss,39,01/05/2013,13/05/2013
130,Parry's Arnica,22,29/03/2016,05/04/2016
131,Stream-bed Cyanea,31,30/12/2017,09/01/2018
132,Fairybit Maiden Fern,33,02/10/2012,14/10/2012
133,Trypelthelium Lichen,15,19/10/2019,31/10/2019
134,Orthotrichum Moss,10,17/06/2011,29/06/2011
135,Downy Pagoda-plant,44,16/07/2014,28/07/2014
136,Jointgrass,13,04/01/2020,11/01/2020
137,Brigantiaea Lichen,2,19/09/2017,01/10/2017
138,South American Bonnet Orchid,35,11/05/2016,23/05/2016
139,Florida Water Aster,27,27/08/2016,07/09/2016
140,Hairy Lady's Mantle,35,31/01/2011,12/02/2011
141,Weakleaf Bur Ragweed,49,22/05/2011,02/06/2011
142,Rhizoma Peanut,25,03/02/2019,14/02/2019
143,Prairie Willow,31,02/02/2016,16/02/2016
144,Blood Panicgrass,19,04/10/2013,17/10/2013
145,Brigantiaea Lichen,34,04/04/2010,14/04/2010
146,Florida Diamondflowers,4,15/10/2018,22/10/2018
147,Walker Prairie Clover,29,16/10/2016,23/10/2016
148,Fissidens Moss,4,26/07/2011,02/08/2011
149,Japanese Glorybower,28,03/04/2011,11/04/2011
150,Philodendron,8,18/07/2018,29/07/2018
151,Teloschistes Lichen,47,21/09/2012,05/10/2012
152,Drug Eyebright,44,10/11/2019,17/11/2019
153,Lecidea Lichen,1,26/06/2010,08/07/2010
154,Scarlet Keckiella,29,24/07/2011,02/08/2011
155,Fern-leaf Acacia,20,21/03/2012,02/04/2012
156,Spitzbergen's Buttercup,19,24/12/2017,07/01/2018
157,American Spurred Gentian,48,03/01/2010,13/01/2010
158,Maui Bur Cucumber,28,08/05/2014,17/05/2014
159,Cursed Buttercup,20,04/01/2020,12/01/2020
160,Moab Milkvetch,12,06/03/2011,17/03/2011
161,Ames' Milkvetch,25,23/11/2016,30/11/2016
162,Robbins' Cup Lichen,34,12/03/2019,21/03/2019
163,Leathery Colicwood,17,02/04/2018,16/04/2018
164,Ovateleaf Cliffbrake,50,11/12/2014,24/12/2014
165,Port Huron Hawthorn,6,21/07/2017,31/07/2017
166,Splitleaf Indian Paintbrush,43,31/05/2019,12/06/2019
167,Muskflower,30,18/07/2014,31/07/2014
168,Waianae Range Papala,1,07/12/2011,16/12/2011
169,Mountain Pepperweed,44,31/12/2014,13/01/2015
170,Largeflower Phacelia,40,30/04/2018,13/05/2018
171,Stingbush,20,05/08/2013,16/08/2013
172,Gaussia,1,10/03/2015,18/03/2015
173,Roundflower Catclaw,8,18/09/2019,26/09/2019
174,Snow Lichen,17,18/05/2010,01/06/2010
175,Torrey's Surfgrass,48,23/10/2010,01/11/2010
176,Awnless Spiralgrass,18,06/12/2018,13/12/2018
177,Nodding Sedge,13,21/11/2015,04/12/2015
178,Ammocodon,29,11/12/2018,25/12/2018
179,Palmer Ceanothus,48,10/03/2014,24/03/2014
180,Santa Cruz Island Hollyfern,34,03/04/2011,13/04/2011
181,Bog Pimpernel,25,07/01/2013,20/01/2013
182,Yellow Bloodleaf,33,06/07/2018,19/07/2018
183,Japanese Corktree,34,05/12/2011,17/12/2011
184,Cirriphyllum Moss,31,06/11/2017,17/11/2017
185,Baby Blue Eyes,17,02/12/2017,14/12/2017
186,Field Sagewort,8,15/09/2015,28/09/2015
187,Turpentine Tree,29,09/06/2020,22/06/2020
188,Thread Lichen,45,19/02/2012,27/02/2012
189,Tufted Evening Primrose,46,22/08/2012,03/09/2012
190,Yellow Gentian,15,22/12/2012,05/01/2013
191,Wart Lichen,36,18/06/2010,02/07/2010
192,Lichinodium Lichen,28,27/12/2010,08/01/2011
193,Map Lichen,45,12/05/2012,24/05/2012
194,Wood Lily,25,30/09/2014,12/10/2014
195,Thrift Seapink,22,28/07/2016,11/08/2016
196,Maui Remya,39,01/10/2015,13/10/2015
197,Crack Willow,36,08/02/2017,20/02/2017
198,Maryland Hawkweed,44,10/12/2013,20/12/2013
199,Elmer's Ragwort,29,18/12/2012,26/12/2012
200,Sierra White Fir,13,25/09/2012,05/10/2012
201,Cumberland Sedge,45,14/08/2011,24/08/2011
202,Bigelow's Beggarticks,50,06/08/2016,19/08/2016
203,Longtongue Muhly,49,09/01/2017,21/01/2017
204,Smooth Rattlebox,25,13/12/2016,25/12/2016
205,Arracacia,11,10/02/2019,17/02/2019
206,Compact Pyrenopsis Lichen,35,09/10/2017,21/10/2017
207,Asian Spikemoss,22,06/12/2019,20/12/2019
208,Holdtight,17,13/10/2017,21/10/2017
209,Small-leaf Spiderwort,31,04/01/2012,17/01/2012
210,False Tick Trefoil,26,24/09/2010,01/10/2010
211,Asian Melastome,6,04/08/2011,15/08/2011
212,Holarrhena,25,14/12/2014,22/12/2014
213,Chee Reedgrass,19,15/03/2011,23/03/2011
214,Mendocino Gentian,3,03/03/2018,15/03/2018
215,California Muhly,21,11/08/2019,24/08/2019
216,Star Campylium Moss,39,22/02/2019,01/03/2019
217,Island Marlberry,37,19/01/2018,26/01/2018
218,Cinnabar Orange Lichen,23,22/06/2017,04/07/2017
219,Plummer's Mariposa Lily,39,09/09/2013,22/09/2013
220,Largeflower Evening Primrose,44,24/08/2020,03/09/2020
221,Dwarf Ginseng,17,28/03/2020,09/04/2020
222,Texas Persimmon,46,06/11/2015,19/11/2015
223,Marsh Grass Of Parnassus,41,05/06/2020,19/06/2020
224,Shortstyle Indian Paintbrush,22,22/09/2020,03/10/2020
225,Racomitrium Moss,1,14/06/2014,21/06/2014
226,Smooth Small-leaf Ticktrefoil,36,22/11/2017,03/12/2017
227,Horizontal Felt Lichen,33,01/12/2015,12/12/2015
228,Stiffstem Flax,47,03/06/2016,11/06/2016
229,Wenatchee Indian Paintbrush,11,27/11/2015,04/12/2015
230,Petrea,37,09/08/2020,18/08/2020
231,Wavy Heliotrope,11,16/09/2014,27/09/2014
232,Plains Mock Vervain,1,13/05/2015,24/05/2015
233,Sensitive Partridge Pea,10,02/06/2019,09/06/2019
234,Olympic Onion,5,10/09/2014,20/09/2014
235,Showy Stickseed,5,12/04/2018,24/04/2018
236,Ohio Buckeye,23,19/02/2010,28/02/2010
237,Prairie Milkweed,12,22/06/2011,05/07/2011
238,Bush's Fissidens Moss,6,07/05/2019,21/05/2019
239,Purple Amole,22,05/11/2016,19/11/2016
240,Wavyleaf Indian Paintbrush,26,11/05/2017,25/05/2017
241,Hazel Sterculia,28,02/06/2019,16/06/2019
242,Devil's Bite,41,20/10/2013,31/10/2013
243,Lunaria,11,03/07/2020,14/07/2020
244,Slim Amaranth,12,08/03/2015,15/03/2015
245,Toothed Skin Lichen,29,18/08/2013,29/08/2013
246,Sea Putat,21,13/11/2015,26/11/2015
247,Prayerplant,17,17/11/2014,24/11/2014
248,Funeral Mountain Blue-eyed Grass,39,08/09/2012,15/09/2012
249,Nootka Lupine,8,20/02/2018,27/02/2018
250,Bayberry,23,06/02/2019,14/02/2019
251,Grant's Sedge,19,25/12/2015,08/01/2016
252,Dwarf Stickpea,34,07/01/2018,16/01/2018
253,Engelmann's Aster,5,11/07/2013,18/07/2013
254,Polygala,6,13/11/2016,26/11/2016
255,American Long-leaved Bamboo,3,01/11/2019,15/11/2019
256,Ternate Grapefern,10,02/11/2017,10/11/2017
257,Coiled Lousewort,13,26/04/2018,09/05/2018
258,Long Lupine,15,05/10/2012,14/10/2012
259,Dotted Bristle Fern,8,16/06/2019,25/06/2019
260,Fallflowering Pleatleaf,4,21/12/2011,01/01/2012
261,Griffiths' Saltbush,21,19/05/2012,26/05/2012
262,Tetrapterys,29,15/06/2011,29/06/2011
263,California Boxelder,20,10/12/2020,21/12/2020
264,Sarcographa Lichen,3,25/05/2018,06/06/2018
265,Jaumea,8,27/01/2019,05/02/2019
266,Rim Lichen,9,03/09/2013,15/09/2013
267,Wild Celery,16,13/06/2012,27/06/2012
268,Jazmin De Trapo,48,10/08/2018,18/08/2018
269,Velvet Phyllostegia,46,24/10/2019,05/11/2019
270,Wild Ackee,37,10/04/2010,23/04/2010
271,Lobe-leaf Hopbush,32,23/05/2013,31/05/2013
272,Coamo,43,01/12/2020,14/12/2020
273,Threebract Onion,25,04/05/2014,17/05/2014
274,Texas Prairie Parsley,10,16/01/2016,29/01/2016
275,Rose's Orange Lichen,26,18/11/2018,26/11/2018
276,Rosy Camphorweed,45,17/12/2010,30/12/2010
277,Soapwort,48,07/03/2019,21/03/2019
278,Indian Rubberplant,40,01/01/2019,10/01/2019
279,Spoonleaf,30,06/03/2011,14/03/2011
280,Matted Lichen,24,12/01/2018,26/01/2018
281,Tonto Basin Century Plant,34,11/11/2012,20/11/2012
282,Miniature Lupine,38,07/11/2017,20/11/2017
283,Jack Pine,22,20/06/2018,04/07/2018
284,Serpentine Erigeron,19,07/07/2020,19/07/2020
285,Slender Woodland Sedge,46,12/02/2012,22/02/2012
286,Twoflower Rattlebox,17,12/01/2016,26/01/2016
287,Hybrid Locust,30,13/05/2018,26/05/2018
288,Robust Hoffmann's Buckwheat,40,18/10/2017,29/10/2017
289,Paskenta Grade Dwarf-flax,9,28/03/2019,05/04/2019
290,Orange Lichen,20,26/06/2020,07/07/2020
291,Giant Reed,31,23/09/2016,30/09/2016
292,Warnock's Snakewood,10,29/05/2010,07/06/2010
293,Slimleaf Plainsmustard,29,08/05/2015,21/05/2015
294,Kern Plateau Bird's-beak,41,27/03/2020,09/04/2020
295,Porter's Licorice-root,42,08/01/2012,16/01/2012
296,Florida Pondweed,41,14/04/2018,23/04/2018
297,Villous False Candytuft,10,17/01/2018,27/01/2018
298,Dogtongue Buckwheat,30,13/08/2015,21/08/2015
299,Sierra Lewisia,21,27/11/2020,09/12/2020
300,Colorado Rush,47,06/11/2017,20/11/2017
301,Redbird Flower,39,21/07/2017,02/08/2017
302,Douglas-fir Dwarf Mistletoe,49,08/11/2011,15/11/2011
303,Spreading Buckwheat,46,24/10/2017,05/11/2017
304,Galleta Grass,23,02/06/2011,11/06/2011
305,Hempvine,38,26/05/2013,09/06/2013
306,Goldencrest,25,01/02/2013,15/02/2013
307,Mexican Homomallium Moss,37,19/01/2020,02/02/2020
308,Reverchon's Spiderwort,40,22/06/2013,04/07/2013
309,Texas Cupflower,27,07/09/2018,20/09/2018
310,Pinnate False Threadleaf,15,31/01/2017,13/02/2017
311,Milkweed Milkvetch,34,27/10/2019,09/11/2019
312,Sorrel,35,06/10/2014,14/10/2014
313,Skyblue Clustervine,35,23/09/2019,07/10/2019
314,Black Spruce,13,22/12/2018,31/12/2018
315,West Indian Marsh Grass,23,31/07/2018,12/08/2018
316,Chenopod Brickellbush,11,21/08/2019,29/08/2019
317,Purple False Foxglove,38,05/01/2011,19/01/2011
318,Fort Huachuca Vervain,18,15/10/2014,27/10/2014
319,Anderson's Buttercup,33,31/05/2016,12/06/2016
320,Netted Anoda,21,09/09/2015,22/09/2015
321,Narrowpod Sensitive Pea,33,12/02/2019,23/02/2019
322,San Luis Mountain Giant Hyssop,34,20/04/2015,02/05/2015
323,Yellow Bur Pincushionplant,17,30/05/2014,11/06/2014
324,Eltrot,49,17/04/2013,01/05/2013
325,Manyflower Thelypody,40,25/02/2013,10/03/2013
326,Rose Mock Vervain,9,14/11/2010,25/11/2010
327,Palm Fern,32,27/12/2017,09/01/2018
328,Pitcher's Stitchwort,18,25/08/2016,04/09/2016
329,Bicknell's Sedge,4,22/02/2018,07/03/2018
330,Canby's Cowbane,50,23/02/2013,06/03/2013
331,Bristly Hawkbit,11,16/11/2011,23/11/2011
332,Wartleaf Ceanothus,40,02/05/2016,16/05/2016
333,Glandular Plantain,26,24/10/2015,04/11/2015
334,Lesser Rushy Milkvetch,47,26/09/2016,10/10/2016
335,Oklahoma Phlox,28,28/04/2010,09/05/2010
336,Lemon Grass,38,08/03/2015,15/03/2015
337,Monkswort,47,28/04/2014,07/05/2014
338,Blue Lawngrass,22,28/11/2017,08/12/2017
339,Tropical Dancing-lady Orchid,7,29/03/2016,12/04/2016
340,New Mexico Spinystar,21,03/09/2010,14/09/2010
341,Pulvinate Pussytoes,25,10/03/2018,22/03/2018
342,Hale's Phyllopsora Lichen,15,09/06/2014,23/06/2014
343,Pale Mexican Pricklypoppy,27,26/09/2017,05/10/2017
344,Grand Fir,20,12/10/2017,24/10/2017
345,Alpine Woodrush,7,18/03/2012,30/03/2012
346,Cochise Sedge,22,26/09/2014,06/10/2014
347,Oeder's Lousewort,31,14/10/2011,24/10/2011
348,Snub Pea,38,13/12/2011,24/12/2011
349,Aceitillo,6,23/02/2015,02/03/2015
350,Dwarf Crownbeard,7,18/06/2018,27/06/2018
351,Little Ricegrass,26,03/05/2014,17/05/2014
352,Tapertip False Wheatgrass,2,29/06/2015,09/07/2015
353,Goldenrod,15,18/05/2015,26/05/2015
354,Goldenbush,10,20/03/2013,31/03/2013
355,Little Woodfern,44,27/10/2015,10/11/2015
356,Hairy Pagoda-plant,28,20/03/2014,03/04/2014
357,Conrad's Rinodina Lichen,3,24/03/2010,02/04/2010
358,Hairy Flowering Fern,17,22/06/2013,06/07/2013
359,Shortstem Beardtongue,1,14/04/2017,27/04/2017
360,Dutchman's Breeches,3,19/02/2013,28/02/2013
361,Coastal Flatsedge,47,08/12/2012,16/12/2012
362,Bleeding Heart,19,23/02/2018,06/03/2018
363,Jones' Townsend Daisy,38,28/11/2019,08/12/2019
364,Pigeonpea,21,22/12/2018,30/12/2018
365,Midsorus Fern,7,11/10/2019,19/10/2019
366,Albahaca,49,20/03/2020,03/04/2020
367,False Watermeal,13,21/01/2016,31/01/2016
368,Entosthodon Moss,13,04/11/2015,12/11/2015
369,Sulphur-flower Buckwheat,35,23/08/2013,02/09/2013
370,Palouse Goldenweed,25,26/04/2010,06/05/2010
371,Bahama Pigeonplum,39,01/06/2018,10/06/2018
372,Rhytidiopsis Moss,38,10/08/2020,24/08/2020
373,Big Deervetch,45,19/10/2015,31/10/2015
374,Estuary Sedge,29,02/10/2018,13/10/2018
375,Pore Lichen,5,16/07/2011,23/07/2011
376,Sticky Cinquefoil,27,11/12/2014,23/12/2014
377,Patterson's Dawnflower,16,14/12/2016,27/12/2016
378,Colchicum,27,24/01/2012,03/02/2012
379,Silky Cinquefoil,44,27/04/2016,04/05/2016
380,Graves' Plum,25,12/12/2016,19/12/2016
381,Bromelia,39,26/06/2012,04/07/2012
382,Chicoryleaf Wirelettuce,20,04/01/2019,16/01/2019
383,Fuzzytongue Penstemon,10,07/07/2013,18/07/2013
384,Doum Palm,20,17/10/2019,24/10/2019
385,Jacumba Milkvetch,3,20/07/2016,28/07/2016
386,Wild Chives,18,30/07/2012,08/08/2012
387,Pictetia,10,09/06/2016,20/06/2016
388,Tortured Chalice Lichen,18,25/11/2016,08/12/2016
389,Araujia,12,01/06/2016,14/06/2016
390,Hulten's Pitted Lichen,2,19/11/2014,30/11/2014
391,Dwarf Checkerbloom,43,08/10/2020,17/10/2020
392,Orange Lichen,33,16/11/2010,27/11/2010
393,Alps Yarrow,3,22/11/2017,03/12/2017
394,Winged Buckwheat,34,30/08/2013,06/09/2013
395,Pokeweed,5,31/08/2010,09/09/2010
396,Whitetop,18,02/10/2020,14/10/2020
397,Packard's Desertparsley,1,06/08/2018,16/08/2018
398,St. Paul's Wort,48,14/04/2014,27/04/2014
399,Showy Draba,21,29/10/2015,06/11/2015
400,Large Whorled Pogonia,12,21/04/2013,02/05/2013
401,Pacific Trillium,7,23/04/2015,07/05/2015
402,Maricao Pricklyash,13,05/05/2013,16/05/2013
403,Sordid Pepperweed,49,17/05/2020,30/05/2020
404,Lecidea Lichen,17,04/08/2012,18/08/2012
405,Longleaf Buchu,3,30/07/2011,12/08/2011
406,Calymperes Moss,47,22/05/2013,02/06/2013
407,Hylocomiastrum Moss,39,05/04/2016,14/04/2016
408,New Brunswick Blackberry,23,08/07/2019,22/07/2019
409,Cape Cod Blackberry,6,10/03/2011,20/03/2011
410,Showy Goldeneye,39,10/02/2016,18/02/2016
411,Ring-cup Oak,34,19/11/2010,30/11/2010
412,Ma'oloa,46,03/01/2017,14/01/2017
413,Groundplum Milkvetch,20,26/08/2011,06/09/2011
414,Broadleaf Carpetgrass,35,16/12/2015,23/12/2015
415,Cutleaf Toothwort,7,10/01/2014,22/01/2014
416,Orchardgrass,46,22/12/2016,05/01/2017
417,Aspen Bluebells,17,02/03/2016,12/03/2016
418,Needletip Blue-eyed Grass,10,20/01/2017,27/01/2017
419,New Mexico Fameflower,47,20/08/2010,02/09/2010
420,Rough Boneset,41,28/08/2016,06/09/2016
421,Magnolia,6,17/05/2012,28/05/2012
422,Wild Coffee,9,11/06/2015,24/06/2015
423,Roccella Lichen,12,17/05/2013,30/05/2013
424,Melaspilea Lichen,37,25/05/2010,03/06/2010
425,Cutgrass,15,05/04/2013,15/04/2013
426,Dixie Rosemallow,21,31/10/2018,12/11/2018
427,Fiveneedle Pricklyleaf,49,04/05/2019,16/05/2019
428,Neonotonia,35,24/03/2016,01/04/2016
429,Cheesewood,31,10/09/2010,22/09/2010
430,California Silverbush,2,03/05/2011,11/05/2011
431,Stickystem Pearlwort,21,28/12/2012,08/01/2013
432,Hill's Lupine,11,18/05/2020,26/05/2020
433,Cnidoscolus,35,23/04/2015,03/05/2015
434,Singapore Graveyard Flower,2,22/01/2014,30/01/2014
435,Field Pansy,17,02/11/2012,13/11/2012
436,Koehler's Rockcress,30,26/11/2020,08/12/2020
437,Northern Purple Pitcherplant,21,08/12/2012,17/12/2012
438,Gunsight Clarkia,45,30/05/2013,07/06/2013
439,Wirth's Beard Lichen,5,18/07/2019,29/07/2019
440,Bird Spiderflower,28,28/08/2011,09/09/2011
441,Sierra Tansymustard,6,08/06/2011,21/06/2011
442,Bridges' Gilia,35,26/06/2019,04/07/2019
443,Muskflower,7,11/05/2020,25/05/2020
444,Estuary Sedge,42,19/01/2017,26/01/2017
445,Lesser Marigold,32,25/08/2014,03/09/2014
446,European Turkey Oak,11,05/10/2020,13/10/2020
447,Meadow Milkvetch,1,06/09/2018,13/09/2018
448,Purple Chinese Houses,36,18/03/2010,25/03/2010
449,Caracus Wigandia,40,03/07/2016,16/07/2016
450,Thread Lichen,47,23/10/2017,30/10/2017
451,Poppy,25,15/04/2016,28/04/2016
452,Desert Muhly,25,15/10/2018,23/10/2018
453,Pinkstink Dung Moss,35,30/09/2013,11/10/2013
454,Twinberry Honeysuckle,15,11/11/2016,21/11/2016
455,Carline Thistle,19,17/01/2020,27/01/2020
456,Banksia,34,22/04/2020,02/05/2020
457,Huachuca Hawkweed,5,25/08/2012,02/09/2012
458,Taxiphyllum Moss,21,05/09/2016,18/09/2016
459,Common Water Hyacinth,20,08/01/2018,20/01/2018
460,Pohe Hiwa,30,15/08/2015,23/08/2015
461,Hawai'i Quillwort,28,19/01/2015,01/02/2015
462,Flatleaf Hollyfern,29,31/03/2013,13/04/2013
463,Cottonthistle,12,17/01/2017,28/01/2017
464,Red Hills Soap Plant,35,31/08/2019,07/09/2019
465,Tufted Alumroot,23,15/10/2019,22/10/2019
466,Tufted Alpine Saxifrage,23,09/10/2018,19/10/2018
467,Cutleaf Cyclanthera,46,19/07/2015,27/07/2015
468,Globefruit Primrose-willow,8,03/08/2015,14/08/2015
469,Spiral Dog's-tongue,23,16/05/2015,26/05/2015
470,Leavenworth's Vetch,46,13/04/2013,22/04/2013
471,Sickle Tickseed,20,09/12/2013,16/12/2013
472,Haplophyton,22,19/10/2010,31/10/2010
473,Clustered Popcornflower,43,09/02/2014,19/02/2014
474,Chestnut Rush,22,04/07/2011,12/07/2011
475,Leafy Rosemary-mint,9,17/03/2018,24/03/2018
476,Oregon Bleeding Heart,34,26/02/2019,08/03/2019
477,Alder,33,26/12/2020,02/01/2021
478,Twoflower Pea,11,19/12/2013,29/12/2013
479,Hard Treefern,29,01/05/2015,08/05/2015
480,Western Mountain Kittentails,15,20/05/2014,28/05/2014
481,Mistletoe,4,21/07/2012,01/08/2012
482,Oneflower Fleabane,26,06/08/2014,14/08/2014
483,Tall Tidytips,8,16/01/2017,29/01/2017
484,Arizona Ipomopsis,12,06/12/2011,13/12/2011
485,Elliott's Fanpetals,31,12/09/2010,19/09/2010
486,Tangerine,4,13/08/2019,23/08/2019
487,Eyed Gilia,26,19/11/2016,27/11/2016
488,Hillside False Bindweed,12,04/07/2020,16/07/2020
489,Flotow's Dimple Lichen,13,26/07/2016,06/08/2016
490,Nuttall's Reedgrass,28,18/08/2018,26/08/2018
491,Hairy False Ohelo,24,05/09/2010,15/09/2010
492,Blue Ridge Sedge,42,20/05/2011,03/06/2011
493,Lesser Snapdragon,33,03/02/2018,11/02/2018
494,Bearded Skeletongrass,39,02/11/2014,09/11/2014
495,Santa Maria Feverfew,24,01/11/2020,14/11/2020
496,Ballhead Waterleaf,38,20/05/2014,30/05/2014
497,Early Bluetop Fleabane,11,11/05/2018,25/05/2018
498,Syrian-privet,28,15/11/2013,25/11/2013
499,Faurie's Panicgrass,10,18/10/2012,01/11/2012
500,Leafy Horseweed,34,03/02/2016,11/02/2016
501,Paraguayan Windmill Grass,49,21/02/2013,02/03/2013
502,Speckled Alder,44,06/06/2013,15/06/2013
503,Macrocoma Moss,44,21/02/2011,05/03/2011
504,Rosy Palafox,37,10/07/2010,19/07/2010
505,Bigfruit Crab,35,09/05/2012,16/05/2012
506,Nemoca Cimarrona,26,06/12/2011,13/12/2011
507,Sierra Stonecrop,12,13/04/2015,22/04/2015
508,Smallseed Paspalum,32,27/10/2014,10/11/2014
509,Streambank Rabbitsfoot Grass,20,08/09/2010,19/09/2010
510,Sierra Lessingia,3,23/05/2016,04/06/2016
511,Cyrtandra,44,14/06/2011,27/06/2011
512,Lanceleaf Tickseed,8,21/10/2011,04/11/2011
513,Common Sweetleaf,30,24/04/2018,03/05/2018
514,Sedge,24,30/01/2011,06/02/2011
515,Rock Whitefeather,8,11/04/2018,24/04/2018
516,Nisperillo,14,17/08/2011,31/08/2011
517,Narrowleaf Pondweed,44,11/06/2019,20/06/2019
518,Tree Anemone,48,17/04/2010,30/04/2010
519,Kamapua'a,2,19/07/2012,28/07/2012
520,Lanceleaf Thorow Wax,17,06/12/2019,18/12/2019
521,Latexplant,50,25/01/2020,04/02/2020
522,Pygmy Goldenweed,10,12/12/2013,20/12/2013
523,Halberd Willow,32,13/11/2014,26/11/2014
524,Tropical Tube Tongue,31,10/10/2015,20/10/2015
525,Wand Lythrum,50,26/04/2017,07/05/2017
526,Axilflower,17,29/08/2017,06/09/2017
527,Western Sweetshrub,15,12/10/2013,22/10/2013
528,Virginia Water Horehound,34,16/07/2016,30/07/2016
529,Spotted Beebalm,46,08/02/2010,17/02/2010
530,Reindeer Lichen,32,12/11/2011,21/11/2011
531,Spotted Hideseed,32,13/09/2018,25/09/2018
532,Rimelia Lichen,32,03/01/2016,11/01/2016
533,Corn,41,03/06/2015,15/06/2015
534,Schaffner's Wattle,21,19/09/2013,26/09/2013
535,Obedient Plant,29,08/02/2013,21/02/2013
536,Thomson's Porpidia Lichen,8,22/10/2011,30/10/2011
537,Clubmoss Mousetail,18,29/11/2012,08/12/2012
538,Catillaria Lichen,47,23/11/2011,04/12/2011
539,Texas Poppymallow,23,04/02/2010,17/02/2010
540,Calamus,9,02/12/2014,16/12/2014
541,Dahoon,5,02/03/2011,14/03/2011
542,Eastern Leatherwood,7,03/04/2018,13/04/2018
543,Abiu,21,06/07/2017,16/07/2017
544,Drepanocladus Moss,5,21/06/2017,03/07/2017
545,Cylinder Cup Lichen,11,06/07/2015,16/07/2015
546,Torrey's Mountainmint,26,21/03/2017,29/03/2017
547,Largeflower Hawksbeard,46,07/11/2020,20/11/2020
548,Skunk Currant,34,22/09/2015,06/10/2015
549,Hybrid Spruce,13,07/02/2019,14/02/2019
550,Kauai Melicope,20,31/10/2010,09/11/2010
551,Panamint Mountain Lupine,47,17/04/2018,26/04/2018
552,Blue Nodding Locoweed,14,12/12/2016,25/12/2016
553,Falcate Rush,35,19/02/2015,03/03/2015
554,Big Spore Andreaeobryum Moss,33,22/05/2020,04/06/2020
555,California Licorice-root,48,07/07/2011,19/07/2011
556,Jaguey Blanco,14,29/04/2013,13/05/2013
557,Coulter's Lupine,50,21/09/2020,29/09/2020
558,Tilesius' Wormwood,33,12/03/2010,24/03/2010
559,Lesser Baby Innocence,40,15/02/2017,25/02/2017
560,Charleston Mountain Goldenbush,21,10/03/2014,24/03/2014
561,Porter's Reedgrass,32,05/09/2017,19/09/2017
562,Southeastern Annual Saltmarsh Aster,27,07/02/2016,20/02/2016
563,Thunberg's Geranium,19,09/09/2017,19/09/2017
564,Disc Lichen,27,25/01/2013,08/02/2013
565,Arizona Cypress,50,17/04/2014,29/04/2014
566,Ghostplant,30,28/04/2017,12/05/2017
567,Browneyes,41,14/05/2011,23/05/2011
568,California Helianthella,14,21/10/2011,30/10/2011
569,Curly Plumeless Thistle,42,24/12/2014,02/01/2015
570,Arctic Pearlwort,18,05/07/2010,19/07/2010
571,Big Bend Woodyaster,41,26/02/2017,11/03/2017
572,Blackberry Lily,30,03/01/2019,11/01/2019
573,Indian Valley False Mallow,38,22/06/2011,04/07/2011
574,Wildparsley,49,06/12/2013,13/12/2013
575,Sacramento Mountain Indian Paintbrush,3,28/04/2013,09/05/2013
576,Nettleleaf Goosefoot,20,02/04/2020,16/04/2020
577,Arizona Mimosa,44,24/04/2017,04/05/2017
578,Syrian Mustard,28,16/10/2018,27/10/2018
579,Heterodraba,38,22/12/2013,04/01/2014
580,Clayton's Sweetroot,10,24/07/2011,03/08/2011
581,Sulphur-flower Buckwheat,22,10/10/2012,21/10/2012
582,Mokihana Kukae Moa,17,06/03/2020,17/03/2020
583,Contorted Rimmed Lichen,18,28/01/2018,09/02/2018
584,Crimson Sage,21,30/09/2013,11/10/2013
585,St. Lawrence Waterhorehound,23,28/11/2019,06/12/2019
586,Hollyhock,23,24/10/2010,01/11/2010
587,Arizona Spikerush,4,15/10/2015,22/10/2015
588,Dyer's Greenweed,31,25/09/2017,05/10/2017
589,Rock Lupine,5,10/03/2017,22/03/2017
590,Curcuma,34,15/09/2013,23/09/2013
591,Serpentine Sunflower,4,02/12/2014,10/12/2014
592,Knotted Pearlwort,43,28/01/2014,05/02/2014
593,Showy Gilia,44,09/02/2017,19/02/2017
594,Stingbush,11,29/01/2015,07/02/2015
595,Chambers' Twinpod,11,16/07/2010,24/07/2010
596,Britton's Spikerush,29,09/01/2014,18/01/2014
597,Mountain Dubautia,17,28/07/2016,04/08/2016
598,Yellow Phacelia,40,27/06/2016,07/07/2016
599,Confederate Huckleberry,10,19/06/2017,27/06/2017
600,Texas Signalgrass,35,03/12/2016,15/12/2016
601,Drummond's Cinquefoil,23,13/02/2015,24/02/2015
602,Coccoloba,42,01/01/2017,11/01/2017
603,Spiny Plumeless Thistle,8,11/03/2011,18/03/2011
604,Willow Creek Dock,46,27/06/2014,06/07/2014
605,Bejuco De Puerco,25,19/12/2014,01/01/2015
606,Rim Lichen,45,29/08/2020,06/09/2020
607,Wilf's Sphagnum,50,14/05/2011,27/05/2011
608,Spleenwort,42,10/02/2014,24/02/2014
609,Cypress-pine,11,26/01/2013,05/02/2013
610,Snow Arnica,10,15/04/2013,24/04/2013
611,Bluedevil,4,10/10/2020,17/10/2020
612,Idaho Pennycress,49,15/11/2013,22/11/2013
613,Softleaf Rosette Grass,24,30/01/2016,09/02/2016
614,Nevada Gilia,31,18/10/2015,31/10/2015
615,Socotra Dragontree,8,08/02/2012,21/02/2012
616,Havardia,47,19/09/2014,30/09/2014
617,White Sapote,30,14/08/2020,27/08/2020
618,Black Fonio,50,09/06/2015,20/06/2015
619,Mountain Ash,7,27/09/2012,11/10/2012
620,Chocolate Vine,40,12/02/2013,20/02/2013
621,Leoncita False Foxglove,13,19/08/2011,02/09/2011
622,German-madwort,25,15/12/2019,28/12/2019
623,Tenangle Pipewort,40,21/09/2017,02/10/2017
624,Boreal Sagebrush,39,29/07/2016,09/08/2016
625,Trypelthelium Lichen,21,24/07/2018,07/08/2018
626,Monterey Larkspur,8,27/03/2016,05/04/2016
627,Brown's Indian Rosewood,10,06/02/2010,13/02/2010
628,Inland Gilia,27,01/06/2020,14/06/2020
629,Onion Blanketflower,32,30/04/2013,10/05/2013
630,Downy Ryegrass,12,24/03/2012,01/04/2012
631,Slender Spikerush,16,27/12/2016,03/01/2017
632,Inchhigh Lupine,42,25/12/2010,06/01/2011
633,Texas Venus' Looking-glass,24,29/03/2020,12/04/2020
634,Wand Butterflybush,3,22/09/2015,03/10/2015
635,Florida Strap Airplant,41,31/01/2012,11/02/2012
636,Racomitrium Moss,37,17/01/2014,30/01/2014
637,Big Tripogon,44,17/04/2019,30/04/2019
638,Menodora,49,07/12/2017,16/12/2017
639,Rose,40,23/01/2016,31/01/2016
640,Scaleflower Dodder,19,13/08/2015,20/08/2015
641,Largeseed Goosefoot,3,21/09/2018,30/09/2018
642,Cucumis,13,17/03/2011,31/03/2011
643,Manketti,31,03/06/2014,14/06/2014
644,Coneflower Moonlight Cactus,24,09/01/2018,16/01/2018
645,Copper Iris,47,04/03/2012,13/03/2012
646,Chaparral Nightshade,22,30/08/2013,06/09/2013
647,Summer Farewell,47,20/09/2011,01/10/2011
648,Shining Blazingstar,40,03/06/2018,17/06/2018
649,Mackenzie River Yellowcress,30,08/04/2011,15/04/2011
650,Cordilleran Sedge,45,11/03/2019,20/03/2019
651,Teton Lupine,35,04/07/2016,15/07/2016
652,Inchhigh Lupine,14,14/06/2011,22/06/2011
653,Cylindrical Atrichum Moss,27,02/06/2012,09/06/2012
654,Beard Lichen,41,17/08/2020,25/08/2020
655,Bull Withe,26,17/12/2020,27/12/2020
656,Red Horse-chestnut,4,30/03/2013,09/04/2013
657,Oval-leaf Milkweed,2,19/01/2020,02/02/2020
658,English Elm,19,17/10/2013,30/10/2013
659,Modoc Plateau Milkvetch,22,17/12/2020,25/12/2020
660,Mountain Ball Cactus,3,01/12/2014,11/12/2014
661,Leachlobe Cyphomeris,15,16/09/2013,25/09/2013
662,Velvet Tamarind,43,11/11/2018,18/11/2018
663,Tailed Grapefern,15,21/08/2016,28/08/2016
664,Cafeillo,31,31/05/2020,11/06/2020
665,Campylostelium Moss,7,30/07/2020,08/08/2020
666,Zigzag Bladderwort,25,04/08/2010,17/08/2010
667,Earleaf Acacia,11,07/04/2011,18/04/2011
668,Napa Milkvetch,30,20/03/2015,03/04/2015
669,California Clematis,7,06/04/2011,17/04/2011
670,Shinglewood,21,12/12/2011,20/12/2011
671,Peacock Fern,20,16/02/2017,27/02/2017
672,Claspleaf Pennycress,39,13/08/2015,25/08/2015
673,Fox Sedge,50,14/01/2020,23/01/2020
674,Neisosperma,22,21/02/2010,05/03/2010
675,Strychnine,32,01/07/2011,14/07/2011
676,Thimbleberry,6,09/12/2011,18/12/2011
677,Oligotrichum Moss,2,12/11/2012,24/11/2012
678,Mustang Clover,39,23/08/2019,01/09/2019
679,Quillwort,15,14/06/2020,23/06/2020
680,Broadleaf Bluebells,17,25/10/2012,03/11/2012
681,Spring Coralroot,4,13/11/2015,26/11/2015
682,Yukon Pine,12,05/06/2018,19/06/2018
683,Fossil Hill Creek Bedstraw,33,17/04/2011,27/04/2011
684,Pinewoods Pussytoes,43,12/08/2019,25/08/2019
685,Wartleaf Ceanothus,8,02/12/2016,11/12/2016
686,Lecidea Lichen,24,01/10/2018,12/10/2018
687,California Blackberry,5,25/07/2010,01/08/2010
688,Richardson's Alumroot,7,17/12/2010,27/12/2010
689,Sawtooth Sandmat,27,16/05/2020,24/05/2020
690,Utah Agave,13,26/06/2020,08/07/2020
691,Cracked Lichen,40,29/07/2012,07/08/2012
692,Morgantown Blackberry,26,05/11/2020,15/11/2020
693,Violet Lespedeza,48,19/11/2010,01/12/2010
694,Pink Cudweed,22,25/05/2016,04/06/2016
695,Japanese Tree Lilac,44,02/11/2011,11/11/2011
696,Chihuahuan Lovegrass,46,29/12/2018,06/01/2019
697,Comb-leaf Philodendron,14,18/12/2020,29/12/2020
698,Idesia,50,26/03/2018,07/04/2018
699,Wingnut Cryptantha,22,09/08/2017,20/08/2017
700,Juratzk's Amblystegium Moss,36,13/09/2011,24/09/2011
701,Common Goldstar,50,10/03/2012,24/03/2012
702,Freckled Milkvetch,8,02/03/2011,14/03/2011
703,Graygreen Maiden Fern,20,24/12/2014,31/12/2014
704,Moricandia,31,15/04/2011,22/04/2011
705,Usnea Lichenoconium Lichen,7,12/04/2019,19/04/2019
706,Bruised Lichen,3,10/05/2019,23/05/2019
707,Lanceleaf Moonpod,14,23/01/2020,05/02/2020
708,Thymeleaf Sandmat,6,17/04/2014,01/05/2014
709,Scrub Palmetto,33,02/09/2018,15/09/2018
710,Pigeonwings,22,12/08/2014,23/08/2014
711,Littleleaf Milkwort,16,16/09/2020,26/09/2020
712,Shrubby Toothedthread,20,19/02/2019,27/02/2019
713,Purple Fawnlily,29,06/06/2018,15/06/2018
714,Texas Saxifrage,30,23/12/2020,31/12/2020
715,Catillaria Lichen,41,22/03/2014,31/03/2014
716,Cherry Silverberry,19,02/04/2016,10/04/2016
717,Western Greenviolet,31,24/10/2010,07/11/2010
718,Diffuse Spiderwort,29,11/04/2020,23/04/2020
719,Narrowleaf Stenogyne,10,25/04/2015,06/05/2015
720,Yellow Woollystar,48,25/12/2015,03/01/2016
721,Alexandra Palm,38,17/04/2015,26/04/2015
722,Swordfern,33,16/04/2016,25/04/2016
723,Little Prince's Pine,45,01/08/2012,09/08/2012
724,Possumhaw,27,27/07/2015,08/08/2015
725,Rampion Bellflower,29,15/12/2017,28/12/2017
726,Coastal Dune Sandmat,15,08/07/2010,21/07/2010
727,Lassicus Stitchwort,39,07/11/2017,20/11/2017
728,Bristle Nailwort,1,31/07/2012,12/08/2012
729,Alfalfa Dodder,22,19/10/2010,31/10/2010
730,Ma'aloa,6,27/03/2015,09/04/2015
731,Common Threesquare,21,03/04/2015,13/04/2015
732,Pride Of California,47,14/07/2019,23/07/2019
733,Fuzzy Phacelia,7,09/05/2011,16/05/2011
734,Harper's Flax,1,28/03/2014,11/04/2014
735,Smallflower Bruguiera,44,09/12/2019,21/12/2019
736,Howell's Alkaligrass,16,14/05/2010,26/05/2010
737,Solomon's Seal,35,31/01/2010,14/02/2010
738,Slender Blazing Star,5,08/10/2017,17/10/2017
739,Wreath Lichen,14,12/08/2020,19/08/2020
740,East View Rubberweed,23,24/08/2019,03/09/2019
741,Queen Anne's Lace,36,06/04/2010,16/04/2010
742,Pubescent Mirrorplant,37,17/02/2011,26/02/2011
743,Thelidium Lichen,46,03/06/2017,13/06/2017
744,Dot Lichen,45,18/02/2015,27/02/2015
745,Broomleaf Toadflax,43,07/05/2019,16/05/2019
746,Singlesorus Spleenwort,16,06/04/2020,13/04/2020
747,Shortflower Indian Paintbrush,31,13/04/2018,21/04/2018
748,Beaded Lipfern,19,13/01/2019,21/01/2019
749,San Fernando Valley Spineflower,3,06/05/2018,16/05/2018
750,Narrowleaf Water-starwort,37,06/05/2019,20/05/2019
751,Colocasia,16,23/10/2019,30/10/2019
752,Miner's Lettuce,9,25/03/2016,05/04/2016
753,Colorado Beardtongue,48,04/09/2017,13/09/2017
754,Walnut,45,22/05/2014,02/06/2014
755,Upright Chickweed,18,08/02/2018,15/02/2018
756,Annual Townsend Daisy,32,03/11/2020,17/11/2020
757,Longstem Sandwort,46,17/10/2010,27/10/2010
758,Santa Cruz Island Manzanita,43,26/03/2014,09/04/2014
759,Coast Range Dwarf-flax,47,17/02/2017,02/03/2017
760,Spoon Primrose-willow,46,21/10/2014,31/10/2014
761,Cliff Stonecrop,40,19/04/2016,30/04/2016
762,Laguna Mountain Jewelflower,32,23/01/2014,06/02/2014
763,Seablush,17,08/08/2011,22/08/2011
764,Arizona Clematis,37,14/05/2014,26/05/2014
765,Chisos Mountain Century Plant,25,09/06/2017,19/06/2017
766,Spreading Cotoneaster,6,10/08/2013,24/08/2013
767,False Babystars,8,25/04/2020,08/05/2020
768,Woodland Sunflower,2,23/02/2018,07/03/2018
769,Freckled Milkvetch,5,30/07/2012,08/08/2012
770,Mamey De Cura,48,22/03/2015,02/04/2015
771,Cornutia,23,15/09/2014,23/09/2014
772,Native American Pipeweed,11,15/01/2013,23/01/2013
773,Norwegian Cinquefoil,9,04/05/2014,18/05/2014
774,Sidecluster Milkweed,24,25/03/2011,06/04/2011
775,Bigfruit Evening Primrose,3,12/04/2016,19/04/2016
776,Tellicherry Bark,42,09/06/2020,21/06/2020
777,Simple-stem Everlasting,8,31/08/2010,12/09/2010
778,Dixie Grapefern,16,08/08/2011,17/08/2011
779,Cape Blue Waterlily,17,10/09/2018,18/09/2018
780,Ashen Milkvetch,35,26/07/2020,09/08/2020
781,Cockspur Pricklypear,35,22/03/2015,02/04/2015
782,Pepper,9,13/10/2016,23/10/2016
783,Orange Agoseris,37,07/07/2020,17/07/2020
784,Elliott's Milkpea,43,10/10/2018,22/10/2018
785,Fendler's Sandwort,3,12/11/2019,24/11/2019
786,Stonecrop,33,26/11/2017,04/12/2017
787,Amatungulu,20,01/09/2012,11/09/2012
788,Koolau Range Melicope,38,25/02/2016,08/03/2016
789,Yellow Nodding Lady's Tresses,34,28/03/2017,09/04/2017
790,Forest Dubautia,47,10/12/2018,24/12/2018
791,Winn Falls Fleabane,24,14/09/2018,24/09/2018
792,'ena'ena,20,01/09/2014,11/09/2014
793,Oriental Photinia,2,15/02/2013,27/02/2013
794,Rim Lichen,47,23/11/2015,06/12/2015
795,Perilla,14,02/08/2015,09/08/2015
796,Childing Pink,15,05/08/2019,19/08/2019
797,Holm's Reedgrass,22,23/04/2016,05/05/2016
798,Tayloria Dung Moss,37,21/03/2011,30/03/2011
799,Redstem Springbeauty,40,11/10/2015,25/10/2015
800,Koolau Range Papala,33,15/06/2016,27/06/2016
801,Woodvamp,40,01/10/2018,09/10/2018
802,Dwarf Poppy,27,12/02/2011,22/02/2011
803,Fringed Sedge,1,29/03/2011,12/04/2011
804,Oso Manzanita,24,23/05/2014,31/05/2014
805,Brittle Sandwort,37,03/07/2018,10/07/2018
806,Lemmon's Sedge,46,19/12/2013,29/12/2013
807,Cobb Mountain Lupine,49,20/02/2016,01/03/2016
808,Locoweed,16,05/03/2011,17/03/2011
809,Aridland Stopper,22,31/03/2019,14/04/2019
810,Blue Wild Indigo,36,27/04/2012,04/05/2012
811,Grannybush,33,20/06/2012,01/07/2012
812,Hairy Brackenfern,9,14/02/2011,23/02/2011
813,Minerslettuce,24,21/03/2016,31/03/2016
814,Star Clover,41,09/10/2014,20/10/2014
815,Hybrid Oak,39,18/05/2013,31/05/2013
816,Bear Valley Milkvetch,2,09/11/2012,17/11/2012
817,Crenulate Rhabdoweisia Moss,36,12/05/2015,24/05/2015
818,Stelechocarpus,11,02/09/2017,15/09/2017
819,Austrian Yellowcress,27,28/02/2020,11/03/2020
820,Narrow-leaved Rockdaisy,32,12/05/2020,19/05/2020
821,Dunes Saw Greenbrier,27,10/12/2019,23/12/2019
822,Richardson's Phlox,30,30/03/2011,10/04/2011
823,Yellow Crownbeard,6,04/03/2019,18/03/2019
824,Bejuco De Alambre,44,06/01/2013,15/01/2013
825,Eurhynchium Moss,38,19/08/2011,28/08/2011
826,Bramble Acacia,38,08/01/2017,20/01/2017
827,Slender Goldenbanner,49,03/02/2018,17/02/2018
828,Sphagnum,16,06/12/2011,17/12/2011
829,Boreal Orange Lichen,26,26/04/2016,10/05/2016
830,Tailcup Lupine,23,08/10/2016,21/10/2016
831,Birch,20,22/12/2015,31/12/2015
832,Panguitch Buckwheat,46,17/10/2013,24/10/2013
833,Heermann's Bird's-foot Trefoil,25,25/08/2018,02/09/2018
834,Black-box,16,17/08/2010,25/08/2010
835,Bayhops,27,17/09/2013,25/09/2013
836,Bristlecup Sandmat,44,01/04/2014,15/04/2014
837,Pore Lichen,48,09/08/2016,20/08/2016
838,Broom Sedge,1,17/12/2019,24/12/2019
839,Miniature Barrel Cactus,28,28/08/2014,05/09/2014
840,Water Yam,35,14/03/2012,26/03/2012
841,Autumn Sage,33,28/04/2018,08/05/2018
842,Wrinkleleaf Goldenrod,41,02/03/2016,12/03/2016
843,Sticky Fanpetals,38,17/08/2013,25/08/2013
844,Ebony,12,01/05/2011,11/05/2011
845,Oxytenanthera,7,20/01/2014,01/02/2014
846,Lonomea,33,30/05/2020,08/06/2020
847,Kiawe,2,19/01/2012,31/01/2012
848,Mt. Tumbull Beardtongue,21,25/11/2014,07/12/2014
849,Wright's Spiderwort,32,10/12/2017,24/12/2017
850,Sharpleaf Baby's-breath,31,05/08/2020,12/08/2020
851,Slender Spiderflower,7,27/05/2011,05/06/2011
852,Brachythecium Moss,45,16/07/2018,28/07/2018
853,Rinodina Lichen,1,29/06/2012,10/07/2012
854,Lechuguilla,5,31/05/2012,10/06/2012
855,Clammy Groundcherry,39,09/10/2014,23/10/2014
856,Lindheimer's Rockdaisy,21,26/01/2017,05/02/2017
857,Taylor County Blackberry,7,30/09/2010,12/10/2010
858,Transcend Cup Lichen,38,28/10/2010,05/11/2010
859,San Bernardino Mountain Onion,32,16/06/2020,26/06/2020
860,Pinpoint Clover,14,14/10/2014,27/10/2014
861,Volcanic Gilia,23,18/06/2016,27/06/2016
862,Arizona Rubberweed,15,12/09/2010,25/09/2010
863,Northern Bog Clubmoss,31,17/12/2010,24/12/2010
864,Pedicelled Erioderma Lichen,10,03/07/2019,12/07/2019
865,Plateau Rocktrumpet,3,25/11/2020,02/12/2020
866,Heartleaf Groundcherry,38,18/08/2015,31/08/2015
867,Welsh's Phacelia,33,25/09/2018,09/10/2018
868,Protea,31,17/12/2013,24/12/2013
869,Kangaroo Grass,27,06/02/2011,18/02/2011
870,Smooth Solomon's Seal,38,21/07/2014,01/08/2014
871,Texas Mimosa,25,26/09/2015,10/10/2015
872,Bride's Feathers,37,21/05/2012,30/05/2012
873,Summer Savory,34,08/10/2012,20/10/2012
874,Hulumoa,37,24/07/2013,07/08/2013
875,Guadeloupe Cucumber,45,04/04/2016,13/04/2016
876,Bittersweet,35,09/09/2010,19/09/2010
877,Piper Mistletoe,32,25/09/2015,07/10/2015
878,Pop Saltbush,2,06/04/2014,17/04/2014
879,Alkali Pepperweed,39,14/11/2016,24/11/2016
880,Calophyllum,37,19/01/2014,27/01/2014
881,Springville Clarkia,15,08/01/2020,16/01/2020
882,Montana Wheatgrass,43,18/10/2017,31/10/2017
883,Golden Currant,28,24/11/2013,01/12/2013
884,Bloomer's Aster,37,17/05/2013,25/05/2013
885,Macoun's Racomitrium Moss,50,31/08/2011,09/09/2011
886,Common Hackberry,18,22/07/2020,01/08/2020
887,Fitchia,21,19/10/2018,29/10/2018
888,Otay Manzanita,3,20/02/2012,05/03/2012
889,Kingdevil,7,01/12/2012,08/12/2012
890,Soft Fissurewort,12,02/07/2019,11/07/2019
891,Nightshade,39,07/07/2020,16/07/2020
892,Morningglory,5,22/07/2019,30/07/2019
893,Golden Crownbeard,38,01/10/2015,10/10/2015
894,Silver Sagebrush,34,29/09/2012,13/10/2012
895,Dactylospora Lichen,28,08/07/2014,18/07/2014
896,Eagle Rock Blackberry,35,15/11/2010,29/11/2010
897,Old World Forkedfern,17,13/11/2020,27/11/2020
898,Morrenia,27,13/06/2015,24/06/2015
899,Canada Wildrye,42,17/04/2017,24/04/2017
900,Buffpetal,47,02/07/2015,15/07/2015
901,Polyblastia Lichen,29,14/03/2015,26/03/2015
902,Rendle's Meadow Foxtail,3,29/10/2011,12/11/2011
903,Rabbitsfoot Grass,30,24/02/2013,08/03/2013
904,Longstalk Holly,28,20/12/2012,31/12/2012
905,Santa Cruz Island Silverhosackia,18,19/04/2011,30/04/2011
906,Scarlet Beardtongue,49,10/06/2020,23/06/2020
907,Crossidium Moss,49,28/08/2013,05/09/2013
908,Lecidea Lichen,24,29/09/2014,11/10/2014
909,Crater Lichen,15,26/01/2014,07/02/2014
910,French-grass,34,28/05/2014,04/06/2014
911,Cartilage Lichen,44,06/06/2017,19/06/2017
912,Macadamia,24,15/04/2013,29/04/2013
913,Glaucus Willowherb,43,04/01/2018,13/01/2018
914,Kanawao,35,22/01/2019,04/02/2019
915,Kalealaha Beggarticks,41,21/10/2011,30/10/2011
916,Graceful Wattle,11,01/08/2014,10/08/2014
917,Amur Grape,1,01/01/2013,14/01/2013
918,Hedgehog Pricklypoppy,28,22/12/2018,31/12/2018
919,Alcove Rockdaisy,25,18/03/2010,29/03/2010
920,Oregon Gumweed,47,21/06/2020,03/07/2020
921,Desertmountain Blue Eyed Mary,29,20/01/2012,29/01/2012
922,Belladonna Lily,18,18/06/2018,30/06/2018
923,American Basswood,27,22/07/2011,30/07/2011
924,Swallen's Lovegrass,39,05/08/2013,15/08/2013
925,Colorado Butterfly Plant,28,15/06/2010,29/06/2010
926,Jointfir,3,23/01/2013,01/02/2013
927,Desert Calico,21,08/10/2019,21/10/2019
928,Slender Oat,3,25/02/2018,04/03/2018
929,Hooker's Evening Primrose,7,07/03/2016,19/03/2016
930,Brewer's Phacelia,13,08/06/2010,22/06/2010
931,Cayenne Pepper,19,20/12/2018,02/01/2019
932,Redbird Flower,1,02/06/2015,16/06/2015
933,Tepary Bean,20,17/12/2020,30/12/2020
934,Burridge's Greenthread,7,25/01/2018,07/02/2018
935,Decumbent Crowngrass,9,10/06/2018,22/06/2018
936,Woollyleaf Bur Ragweed,4,02/01/2011,14/01/2011
937,Rocky Ragwort,29,18/09/2020,29/09/2020
938,Umbrellawort,12,23/08/2017,06/09/2017
939,Whorlgrass,18,09/10/2016,21/10/2016
940,Oblongleaf False Pennyroyal,1,14/11/2012,21/11/2012
941,Devilqueen,1,28/01/2012,06/02/2012
942,Krapovickasia,21,16/12/2016,25/12/2016
943,Hygroamblystegium Moss,27,21/12/2020,01/01/2021
944,Sky Mousetail,19,20/04/2013,04/05/2013
945,Alpine Leafybract Aster,27,25/05/2019,06/06/2019
946,Quillwort,26,20/02/2015,27/02/2015
947,Cutleaf Silverpuffs,22,04/06/2012,17/06/2012
948,Prairie Fameflower,9,15/12/2019,23/12/2019
949,Yukon Whitlowgrass,20,24/02/2019,08/03/2019
950,Bayamon Stopper,10,21/05/2011,28/05/2011
951,Whitetip Clover,18,24/12/2016,03/01/2017
952,Strawberry Hedgehog Cactus,48,08/09/2013,15/09/2013
953,Short's Hedgehyssop,44,27/01/2012,07/02/2012
954,Swallen's Lovegrass,11,18/05/2015,31/05/2015
955,Crateva,32,05/03/2018,18/03/2018
956,White Ash,42,15/03/2013,27/03/2013
957,Wart Lichen,13,01/06/2012,09/06/2012
958,Sulphur-flower Buckwheat,5,21/02/2012,29/02/2012
959,Broadpod Jewelflower,22,02/03/2017,13/03/2017
960,European Fan Palm,21,25/03/2018,05/04/2018
961,California Lacefern,36,30/08/2018,09/09/2018
962,Rose-gold Pussy Willow,45,19/07/2012,02/08/2012
963,Showy Stickseed,49,13/06/2013,20/06/2013
964,Hardy Orange,36,06/04/2020,13/04/2020
965,Eureka Springs Hawthorn,35,24/05/2014,03/06/2014
966,Maui Yellow Loosestrife,37,20/08/2013,02/09/2013
967,Tall Blue Lettuce,29,26/09/2011,03/10/2011
968,Tropical Medicineplant,33,05/08/2019,18/08/2019
969,Savannah Yelloweyed Grass,30,19/03/2015,02/04/2015
970,Fernald's False Mannagrass,39,07/10/2016,21/10/2016
971,Durango Senna,19,15/10/2018,23/10/2018
972,Prairie Flax,8,25/04/2018,08/05/2018
973,Bayamon,28,02/05/2020,13/05/2020
974,Suksdorf's Hawthorn,36,18/03/2019,31/03/2019
975,Krapovickasia,1,09/10/2020,17/10/2020
976,West Indian Spongeplant,11,18/05/2015,27/05/2015
977,Common Sotol,46,29/07/2017,05/08/2017
978,Dubautia,49,26/10/2020,04/11/2020
979,Lyon's Hacksaw Fern,28,16/05/2020,30/05/2020
980,Thismia,20,28/11/2017,09/12/2017
981,Oregon Gumweed,30,31/12/2013,12/01/2014
982,Anderson's Hawksbeard,43,10/08/2016,21/08/2016
983,Nightshade,27,09/08/2015,23/08/2015
984,Tiny Bluet,2,21/04/2013,03/05/2013
985,American Red Raspberry,41,04/07/2019,17/07/2019
986,Pygmy Linanthus,34,25/01/2017,06/02/2017
987,Dwarf Ginseng,49,24/10/2020,03/11/2020
988,Jeweled Onion,24,21/07/2018,01/08/2018
989,Congdon's Woolly Sunflower,3,16/10/2013,30/10/2013
990,Ironwood,31,26/06/2015,05/07/2015
991,Yarrow,3,13/08/2018,20/08/2018
992,Carolina Azalea,26,11/07/2014,23/07/2014
993,Sharsmith's Stickseed,15,12/01/2019,23/01/2019
994,Tridax,19,24/01/2018,05/02/2018
995,Xanthoparmelia Lichen,49,21/11/2016,30/11/2016
996,Dewey Sedge,43,25/05/2013,07/06/2013
997,Sierra Stickseed,41,22/10/2016,29/10/2016
998,Eriosorus,22,04/08/2015,18/08/2015
999,Dwarf Nasturtium,44,03/04/2020,12/04/2020
1000,Kral's Aster,42,11/06/2015,20/06/2015
1001,American Threefold,44,02/06/2020,16/06/2020
